{"id":99,"ref":"QL.20;QL.28","highways":[{"id":0,"highway_name":"Hùng Vương","maxSpeed":0,"minSpeed":null,"ways":[{"id":0,"nodes":[[11.5761639,108.0745182],[11.5762808,108.0746143],[11.5764031,108.0747031],[11.5765304,108.0747842],[11.5766623,108.0748574],[11.5767982,108.0749225],[11.5769377,108.0749791],[11.5779197,108.0753222],[11.579082,108.0757284],[11.5792625,108.0757914],[11.5794507,108.0758547],[11.5797131,108.075943],[11.5799426,108.0760165],[11.5807744,108.076283],[11.5815481,108.0765308],[11.5816824,108.0765723]],"bounds":[[11.5761639,108.0745182],[11.5816824,108.0765723]],"lanes":"4","buffer_geometry":[[11.576196187647477,108.07472154451276],[11.576202608585112,108.07472650784442],[11.576324908550918,108.07481530786866],[11.57633167674907,108.07481991488501],[11.576458976716562,108.07490101491747],[11.576465966246715,108.07490517581181],[11.576597866216327,108.074978375852],[11.576604991250562,108.07498205542612],[11.57674089122272,108.07504715547336],[11.576748372483793,108.0750504614621],[11.576887872458936,108.07510706151584],[11.57689401519153,108.0751093792238],[11.577876010133835,108.07545247791414],[11.579038305048039,108.07585867667822],[11.579218855477661,108.07592169437518],[11.579220283875921,108.07592218385294],[11.579408474549023,108.0759854808039],[11.57967086521134,108.0760737777844],[11.57967271756128,108.07607438603488],[11.579902210250383,108.0761478838013],[11.580734002852717,108.07641438182202],[11.581507715627765,108.07666218627784],[11.581509015460085,108.07666259525257],[11.581643315441308,108.07670409531008],[11.581669254920808,108.07670934640096],[11.58169569955952,108.07670933087624],[11.58172163310481,108.07670404933106],[11.581746058944796,108.07669370473086],[11.581768038407638,108.0766786946118],[11.581786726834233,108.07665959580376],[11.581801406038107,108.07663714226322],[11.58181151190502,108.07661219686774],[11.581816656071663,108.07658571825591],[11.581816640850324,108.07655872398729],[11.58181146682595,108.07653225143797],[11.581801332833669,108.07650731793454],[11.581786628317639,108.07648488165859],[11.581767918364827,108.07646580482417],[11.581745921988954,108.07645082054336],[11.581721484499074,108.07644050465306],[11.58158783540659,108.07639920585268],[11.580814790644748,108.07615161607568],[11.579982996967868,108.07588511849235],[11.579754410703545,108.07581191123286],[11.579492934690329,108.07572392228548],[11.579305431603728,108.07566085677432],[11.579125669666514,108.07559811446464],[11.577963394712109,108.07519192375905],[11.576984483682965,108.07484990346305],[11.5768518170454,108.07479607605633],[11.576723224581466,108.07473447663314],[11.576598389621644,108.07466519754338],[11.576477975379392,108.07458848435685],[11.576362274453174,108.07450447588121],[11.576248512277687,108.07441095543811],[11.576226389686255,108.07439616633194],[11.576201865651658,108.0743860669143],[11.57617588261929,108.07438104529908],[11.57614943910278,108.07438129446277],[11.576123551311625,108.07438680482868],[11.576099214098832,108.07439736463516],[11.576077362729318,108.0744125680738],[11.576058836938289,108.07443183088438],[11.57604434866078,108.07445441280794],[11.576034454672511,108.07447944603443],[11.5760295351934,108.07450596855203],[11.576029779276007,108.07453296111666],[11.576035177540385,108.07455938642066],[11.576045522534557,108.07458422895576],[11.576060416706712,108.07460653403831],[11.576079287682841,108.07462544449702],[11.576196187647477,108.07472154451276]]}]}]}