{"id":125,"ref":"AH1","hData":{"trunks-AH1-0":{"id":"trunks-AH1-0","name":"Bà Triệu","highway_id":0,"way_id":0,"key":"0-0","nodes":[[15.1313774,108.8069115],[15.1312968,108.8070393]],"bounds":[[15.131161909156964,108.8067717645044],[15.131161909156964,108.80717903544513],[15.131512290842215,108.80717903544513],[15.131512290842215,108.8067717645044]],"buffer_geometry":[[15.131183867416324,108.80696286861107],[15.131171643321288,108.8069871605418],[15.131164228924638,108.80701345615915],[15.131161909156964,108.807040744939],[15.131164773165478,108.80706797819073],[15.13117271088813,108.80709410935772],[15.131185417283247,108.8071181342355],[15.131202404051994,108.80713912956251],[15.131223018403311,108.80715628850048],[15.131246468140164,108.80716895164063],[15.131271852103104,108.80717663234445],[15.13129819480118,108.80717903544513],[15.131324483899453,108.8071760685909],[15.131349709122402,108.80716784579441],[15.131372901078318,108.80715468305146],[15.131393168512538,108.80713708619784],[15.131409732557987,108.8071157314704],[15.131490332600944,108.80698793143138],[15.131502556696065,108.80696363946414],[15.131509971086953,108.80693734380306],[15.131512290842215,108.80691005497725],[15.131509426814793,108.80688282168299],[15.131501489067855,108.80685669048239],[15.13148878264511,108.80683266558447],[15.13147179584807,108.80681167025364],[15.131451181470748,108.80679451132904],[15.131427731713039,108.8067818482181],[15.131402347736767,108.80677416755593],[15.131376005034406,108.8067717645044],[15.131349715941415,108.8067747314095],[15.131324490732677,108.80678295425281],[15.13130129879828,108.80679611703344],[15.13128103139045,108.80681371391205],[15.131264467373368,108.8068350686501],[15.131183867416324,108.80696286861107]]}},"keyData":{"15.13_108.80__15.14_108.81":["trunks-AH1-0"]},"highways":[{"id":0,"highway_name":"Bà Triệu","ways":[{"id":0,"nodes":[[15.1313774,108.8069115],[15.1312968,108.8070393]],"bounds":[[15.1312968,108.8069115],[15.1313774,108.8070393]],"buffer_geometry":[[15.131183867416324,108.80696286861107],[15.131171643321288,108.8069871605418],[15.131164228924638,108.80701345615915],[15.131161909156964,108.807040744939],[15.131164773165478,108.80706797819073],[15.13117271088813,108.80709410935772],[15.131185417283247,108.8071181342355],[15.131202404051994,108.80713912956251],[15.131223018403311,108.80715628850048],[15.131246468140164,108.80716895164063],[15.131271852103104,108.80717663234445],[15.13129819480118,108.80717903544513],[15.131324483899453,108.8071760685909],[15.131349709122402,108.80716784579441],[15.131372901078318,108.80715468305146],[15.131393168512538,108.80713708619784],[15.131409732557987,108.8071157314704],[15.131490332600944,108.80698793143138],[15.131502556696065,108.80696363946414],[15.131509971086953,108.80693734380306],[15.131512290842215,108.80691005497725],[15.131509426814793,108.80688282168299],[15.131501489067855,108.80685669048239],[15.13148878264511,108.80683266558447],[15.13147179584807,108.80681167025364],[15.131451181470748,108.80679451132904],[15.131427731713039,108.8067818482181],[15.131402347736767,108.80677416755593],[15.131376005034406,108.8067717645044],[15.131349715941415,108.8067747314095],[15.131324490732677,108.80678295425281],[15.13130129879828,108.80679611703344],[15.13128103139045,108.80681371391205],[15.131264467373368,108.8068350686501],[15.131183867416324,108.80696286861107]]}]}]}