{"id":84,"ref":"QL.61C","highways":[{"id":0,"highway_name":"Cầu Ba Láng","maxSpeed":0,"minSpeed":null,"ways":[{"id":0,"nodes":[[9.9851043,105.7401856],[9.9850159,105.7436558]],"bounds":[[9.9850159,105.7401856],[9.9851043,105.7436558]],"lanes":"2","buffer_geometry":[[9.98488104706729,105.74365225755345],[9.984882957598428,105.74367903873183],[9.984889977029466,105.74370492685986],[9.984901835607925,105.74372892707238],[9.984918077615783,105.74375011705544],[9.984938078882386,105.74376768249017],[9.98496107077089,105.74378094834661],[9.98498616971645,105.74378940482465],[9.985012411181032,105.74379272694561],[9.985038786720022,105.74379078704101],[9.985064282736158,105.74378365965903],[9.985087919431523,105.74377161869991],[9.98510878846067,105.74375512689018],[9.985126087837912,105.74373481800053],[9.985139152757267,105.7437114724904],[9.98514748114068,105.74368598751528],[9.985150752932672,105.74365934244949],[9.985239152969301,105.74018914101248],[9.985237242159602,105.74016235982528],[9.985230222455229,105.74013647174603],[9.985218363619802,105.7401124716402],[9.98520212138221,105.74009128181915],[9.985182119923143,105.7400737165961],[9.985159127888062,105.74006045099259],[9.98513402884852,105.74005199479764],[9.985107787346902,105.74004867297707],[9.985081411829547,105.74005061318536],[9.985055915892712,105.74005774086017],[9.985032279330632,105.74006978208786],[9.985011410482626,105.74008627413005],[9.984994111326227,105.74010658320647],[9.984981046657701,105.74012992885092],[9.984972718544391,105.74015541390402],[9.984969447030657,105.74018205899046],[9.98488104706729,105.74365225755345]]}]}]}