{
    "id": 1,
    "ref": "14",
    "highways": [
        {
            "id": 0,
            "highway_name": "Đường Hồ Chí Minh",
            "maxSpeed": 0,
            "minSpeed": null,
            "ways": [
                {
                    "id": 0,
                    "nodes": [
                        [14.5076449, 107.9232414],
                        [14.507441, 107.9232063],
                        [14.5072601, 107.9231743],
                        [14.5065261, 107.9230424],
                        [14.5058026, 107.9228978]
                    ],
                    "bounds": [
                        [14.5058026, 107.9228978],
                        [14.5076449, 107.9232414]
                    ],
                    "buffer_geometry": [
                        [14.507463472943392, 107.92306890587908],
                        [14.507283045663133, 107.92303698961197],
                        [14.50655047575402, 107.9229053470532],
                        [14.505828226092298, 107.92276099739506],
                        [14.505801895610807, 107.92275846200695],
                        [14.505775592200141, 107.92276128129973],
                        [14.505750326685432, 107.92276934692771],
                        [14.505727070005738, 107.92278234893176],
                        [14.505706715901452, 107.92279978765114],
                        [14.50569004656848, 107.9228209929253],
                        [14.505677702599058, 107.9228451498478],
                        [14.505670158364252, 107.92287133008277],
                        [14.50566770378427, 107.92289852754],
                        [14.505670433187083, 107.92292569703834],
                        [14.505678241683459, 107.92295179447102],
                        [14.505690829197768, 107.9229758169299],
                        [14.50570771199967, 107.92299684124643],
                        [14.50572824129344, 107.9230140594682],
                        [14.505751628150737, 107.92302680990828],
                        [14.505776973828489, 107.9230346025733],
                        [14.506500473744762, 107.92317920300351],
                        [14.506502978933453, 107.92317967839861],
                        [14.507236978856811, 107.92331157883989],
                        [14.507237329737258, 107.92331164140093],
                        [14.507418229718654, 107.92334364150985],
                        [14.507418824459407, 107.92334374530279],
                        [14.507622724438992, 107.92337884542584],
                        [14.50764910981544, 107.92338067318475],
                        [14.50767533341259, 107.92337714875299],
                        [14.507700387472067, 107.92336840757063],
                        [14.507723309179875, 107.92335478555496],
                        [14.507743217666837, 107.92333680619141],
                        [14.507759347860063, 107.92331516041662],
                        [14.507771079884396, 107.92329068006606],
                        [14.507777962883992, 107.92326430590698],
                        [14.507779732348578, 107.92323705148519],
                        [14.507776320278493, 107.92320996417466],
                        [14.50776785779792, 107.92318408492741],
                        [14.507754670115798, 107.92316040826988],
                        [14.50773726402813, 107.92313984408369],
                        [14.507716308442022, 107.92312318263922],
                        [14.50769260866977, 107.92311106422598],
                        [14.507667075481057, 107.92310395454663],
                        [14.507463472943392, 107.92306890587908]
                    ]
                }
            ]
        }
    ]
}
