{"id":103,"ref":"QL.3;QL.37;QL.1B;CT.07","highways":[{"id":0,"highway_name":"Đường tròn Tân Long","maxSpeed":0,"minSpeed":null,"ways":[{"id":0,"nodes":[[21.622749,105.7915906],[21.6227578,105.7915233],[21.6227516,105.7914735],[21.6227351,105.7914265],[21.622702,105.7913765],[21.6226574,105.7913382],[21.6226047,105.7913148],[21.622548,105.7913081],[21.622494,105.7913177],[21.6224344,105.7913498],[21.6223876,105.7914009],[21.6223587,105.7914654],[21.6223506,105.7915366],[21.6223551,105.7915736],[21.6223653,105.7916093],[21.6223933,105.7916615],[21.6224334,105.7917035],[21.6224826,105.7917322],[21.6225372,105.7917454],[21.6226225,105.7917334],[21.622678,105.791701],[21.6227216,105.7916518],[21.622749,105.7915906]],"bounds":[[21.6223506,105.7913081],[21.6227578,105.7917454]],"buffer_geometry":[[21.622870537616173,105.79165356359367],[21.622878098933707,105.79163268918461],[21.622882583114908,105.79161081155739],[21.622891383123036,105.79154351149641],[21.62289150438279,105.7915040386193],[21.622885304377057,105.79145423857405],[21.62287779919077,105.79142223483493],[21.622861299176364,105.79137523479974],[21.622844983967866,105.79134232716389],[21.622811883942706,105.79129232714514],[21.62278616176919,105.79126309546074],[21.622741561743233,105.79122479547344],[21.622708870306976,105.79120406846104],[21.62265617028821,105.79118066850161],[21.62261942996726,105.79117055844932],[21.622562729961484,105.79116385850523],[21.62252600399081,105.79116493288402],[21.62247200399902,105.79117453293603],[21.622452335369108,105.7911796856632],[21.622433605011846,105.7911879464181],[21.622374005036747,105.79122004645819],[21.622355085471504,105.7912324226706],[21.62233830299858,105.79124796155436],[21.622291503029693,105.79129906155337],[21.622277304409383,105.79131735270217],[21.622266080172754,105.7913378968993],[21.62223718019705,105.79140239685768],[21.622229260503854,105.7914245392064],[21.622224800831855,105.79144777379481],[21.622216700839367,105.79151897372985],[21.622216841783246,105.79155542384653],[21.622221341779074,105.79159242381289],[21.62222615454508,105.79161622995947],[21.62223635453598,105.79165192993064],[21.622248457159774,105.79168182147593],[21.622276457137144,105.79173402144778],[21.622299193064684,105.7917654665963],[21.622339293038575,105.7918074665978],[21.62236909357128,105.79183106010093],[21.622418293549387,105.79185976013157],[21.622453019979453,105.79187377751552],[21.622507619968278,105.7918869775663],[21.622531062142304,105.79189035886469],[21.62255469300458,105.79188928392456],[21.622639993014904,105.79187728400802],[21.622664118234916,105.79187143069625],[21.622686844626802,105.79186093803374],[21.622742344651506,105.7918285380683],[21.62275998954306,105.79181623112272],[21.62277564191868,105.79180112381738],[21.62281924194813,105.79175192381435],[21.622832542602143,105.79173435034244],[21.622843137593136,105.79171476363318],[21.622870537616173,105.79165356359367]]}]}]}