{"id":97,"ref":"QL.22B","highways":[{"id":0,"highway_name":"Nguyễn Văn Linh","maxSpeed":80,"minSpeed":60,"ways":[{"id":0,"nodes":[[11.5296852,106.0084065],[11.5298817,106.0083542],[11.5336536,106.0073681],[11.5356437,106.0068709],[11.5377997,106.0063273],[11.5406961,106.0055621],[11.5409174,106.0054984],[11.5418293,106.0052716],[11.5423771,106.0051353],[11.5427358,106.0050274],[11.5431001,106.0049001]],"bounds":[[11.5296852,106.0049001],[11.5431001,106.0084065]],"maxSpeed":"80","minSpeed":"60","buffer_geometry":[[11.529915457668682,106.00848749608643],[11.533686375448418,106.00750165466414],[11.53567577488749,106.00700463063636],[11.535676052417635,106.00700456098066],[11.537832052666127,106.00646096194464],[11.537833504043032,106.00646058726812],[11.54072990439189,106.00569538855149],[11.540732716248485,106.00569461252523],[11.54095168798998,106.0056315828057],[11.541861237760275,106.00540536776643],[11.542409050019028,106.00526906497804],[11.542415235963166,106.00526736604323],[11.542773936011917,106.00515946619738],[11.542779495019794,106.00515765977032],[11.543143795076519,106.00503035991962],[11.543167853957303,106.00501915655681],[11.5431893090918,106.005003377914],[11.54320733597053,106.00498363035514],[11.543221241829947,106.00496067276795],[11.543230492275018,106.00493538740028],[11.543234731815861,106.00490874595575],[11.543233797529068,106.0048817722515],[11.543227725318811,106.00485550287335],[11.543216748537045,106.00483094734007],[11.54320128901588,106.00480904930801],[11.543181940856728,106.00479065030672],[11.543159447599212,106.00477645739939],[11.543134673647248,106.00476701601085],[11.543108571050391,106.00476268896722],[11.543082142917026,106.00476364255302],[11.543056404865446,106.00476984012096],[11.54269486528505,106.00489617569659],[11.542342037181118,106.00500230954665],[11.54179735608026,106.00513783378074],[11.540885462282306,106.00536463267288],[11.54088078366258,106.00536588741316],[11.54066088551467,106.00542918400183],[11.537766620565947,106.00619382131515],[11.535611486250156,106.00673720407212],[11.53362152527872,106.00723437028537],[11.533620125577452,106.00723472808902],[11.529848226027134,106.00822082976312],[11.529847658832324,106.00822097938509],[11.529651158856144,106.008273279472],[11.5296263473575,106.00828261713757],[11.529603797533422,106.00829671554912],[11.529584375960365,106.00831503291192],[11.529568828997768,106.0083368652999],[11.529557754106001,106.00836137370705],[11.5295515768864,106.00838761629002],[11.529550534725718,106.00841458456233],[11.529554667673555,106.0084412421499],[11.529563816903257,106.00846656461798],[11.529577630815531,106.00848957883942],[11.529595578550117,106.00850940039126],[11.529616970386353,106.00852526754252],[11.529640984248658,106.00853657052701],[11.529666697298312,106.00854287497644],[11.529693121397571,106.008543938613],[11.52971924108317,106.00853972056032],[11.529915457668682,106.00848749608643]]}]},{"id":1,"highway_name":"Phạm Hùng","maxSpeed":80,"minSpeed":60,"ways":[{"id":0,"nodes":[[11.5431001,106.0049001],[11.5435533,106.0047],[11.5440251,106.0044781],[11.5443267,106.0042926],[11.5449635,106.0038911],[11.5451142,106.003783],[11.5452644,106.0036602],[11.5453566,106.0035893],[11.5454958,106.0034776],[11.5459199,106.0031372],[11.546595,106.0025776]],"bounds":[[11.5431001,106.0025776],[11.546595,106.0049001]],"maxSpeed":"80","minSpeed":"60","buffer_geometry":[[11.543606859665074,106.00482636575055],[11.543609756742953,106.00482504511605],[11.544081556837911,106.0046031452817],[11.544094726105332,106.00459602638172],[11.544396326180188,106.00441052646248],[11.544397595642268,106.00440973590776],[11.545034395803224,106.00400823607224],[11.545041066631931,106.00400374620638],[11.545191766673602,106.003895646237],[11.54519853651095,106.00389045874087],[11.545347173777317,106.00376893645308],[11.54543777455881,106.00369926625592],[11.5454399751332,106.00369753753206],[11.545579175174579,106.00358583755256],[11.546003287900222,106.00324542750334],[11.546004942877975,106.00324407754758],[11.546680043082672,106.00268447763513],[11.546698837822527,106.00266549022409],[11.54671364213213,106.00264312523731],[11.546723887089497,106.00261824214925],[11.54672917898615,106.00259179720409],[11.546729314457183,106.00256480666754],[11.546724288296513,106.00253830777228],[11.546714293656946,106.00251331885735],[11.546699714627378,106.00249080023382],[11.546681111472402,106.00247161728029],[11.546659199101551,106.00245650718696],[11.54663481959562,106.00244605062568],[11.54660890984586,106.00244064943521],[11.546582465549708,106.0024405111789],[11.546556502946641,106.00244564116842],[11.54653201976467,106.00245584225976],[11.54650995687824,106.00247072242966],[11.545835679378158,106.0030296409069],[11.54541241848526,106.00336936756723],[11.545274316396204,106.00348018661066],[11.54518322542649,106.00355023382336],[11.545180063404368,106.00355274130315],[11.545033168589486,106.0036728391194],[11.544889203564344,106.00377610805052],[11.544256436906782,106.00417506530285],[11.543961865552419,106.00435624244116],[11.543498284132871,106.00457427722779],[11.543046540366804,106.00477373446368],[11.543023415421342,106.00478682720863],[11.543003237421264,106.0048042729599],[11.542986781795086,106.00482540128684],[11.542974680922589,106.00484940023998],[11.542967399832932,106.00487534755389],[11.542965218333928,106.0049022460891],[11.54296822025924,106.0049290621514],[11.542976290246724,106.00495476521604],[11.542989118171707,106.00497836752982],[11.543006211064837,106.00499896206985],[11.54302691205652,106.00501575739975],[11.54305042561997,106.00502810808406],[11.543075848142703,106.00503553949207],[11.54310220265182,106.00503776603769],[11.543128476358424,106.00503470215457],[11.543153659578547,106.00502646558459],[11.543606859665074,106.00482636575055]]},{"id":1,"nodes":[[11.5471365,106.0021563],[11.5473122,106.0020322],[11.5473699,106.0019841],[11.5475315,106.0018547],[11.5479311,106.0015236],[11.5480588,106.0014189],[11.5486879,106.0009073],[11.5487894,106.0008248],[11.5489697,106.0006782],[11.5490854,106.0005884],[11.5492397,106.000465],[11.5494666,106.0002834],[11.5498119,106.0000044],[11.5499664,105.9998888],[11.5502157,105.9997262],[11.5504314,105.9996146],[11.5506483,105.9995179],[11.550794,105.9994639]],"bounds":[[11.5471365,105.9994639],[11.550794,106.0021563]],"maxSpeed":"80","minSpeed":"60",