{"id":148,"ref":"QL.1;QL.14H","highways":[{"id":0,"highway_name":"Đường Điện Biên Phủ","maxSpeed":0,"minSpeed":null,"ways":[{"id":0,"nodes":[[15.8399835,108.2839724],[15.8410205,108.2834788]],"bounds":[[15.8399835,108.2834788],[15.8410205,108.2839724]],"buffer_geometry":[[15.84107666339911,108.28360629237031],[15.841099512174285,108.28359245316638],[15.841119324555862,108.28357424632996],[15.841135339164113,108.28355237153929],[15.84114694056568,108.28352766943084],[15.841153682924407,108.28350108929412],[15.841155307134738,108.28347365259064],[15.841151750779062,108.2834464136996],[15.841143150526388,108.28342041939831],[15.841129836880235,108.28339666863485],[15.841112321477416,108.28337607413877],[15.841091277426036,108.28335942734522],[15.841067513438157,108.28334736798062],[15.84104194275129,108.2833403594783],[15.841015548033083,108.28333867116926],[15.840989343617878,108.28334236793222],[15.840964336526392,108.28335130770063],[15.839927336814814,108.28384490821804],[15.839904488023622,108.28385874731306],[15.839884675618311,108.28387695401204],[15.839868660977512,108.2838988286415],[15.839857059533927,108.28392353057224],[15.839850317123739,108.2839501105242],[15.839848692853499,108.28397754704655],[15.83985224914287,108.28400478577116],[15.839860849325921,108.28403077993116],[15.839874162903058,108.28405453058717],[15.839891678241836,108.28407512501583],[15.839912722238607,108.28409177178507],[15.839936486185344,108.28410383116831],[15.839962056847686,108.28411083972894],[15.83998845155992,108.28411252813011],[15.84001465598817,108.28410883148541],[15.8400396631107,108.28409989185286],[15.84107666339911,108.28360629237031]]},{"id":1,"nodes":[[15.8409745,108.2834036],[15.8407354,108.2835292],[15.8399788,108.2838831]],"bounds":[[15.8399788,108.2834036],[15.8409745,108.2838831]],"buffer_geometry":[[15.840677270622628,108.28340262411831],[15.839923443887738,108.28375522739428],[15.83990050811444,108.2837689101397],[15.839880581054368,108.28378698113237],[15.839864428492275,108.2838087459139],[15.839852671161095,108.28383336807647],[15.839845760887682,108.28385990140544],[15.839843963229447,108.28388732624164],[15.839847347269266,108.28391458866606],[15.839855782960642,108.28394064100105],[15.839868946125275,108.28396448207162],[15.839886330911014,108.28398519567986],[15.839907269231269,108.2840019858137],[15.839930956439108,108.28401420723718],[15.839956482249214,108.28402139028661],[15.839982865719525,108.2840232589196],[15.840009092948213,108.28401974132359],[15.840034156037325,108.28401097267583],[15.840790756244735,108.28365707305791],[15.840796243316891,108.28365435027844],[15.84103534338893,108.28352875038878],[15.84105766269845,108.28351400712378],[15.841076786111861,108.28349502096975],[15.841091978726102,108.28347252155385],[15.841102656696593,108.28344737351672],[15.841108409674176,108.28342054328473],[15.84110901657472,108.28339306193054],[15.841104454075333,108.28336598554925],[15.84109489751065,108.28334035467294],[15.841080714134767,108.2833171542834],[15.84106244900777,108.28329727595943],[15.841040804049243,108.28328148361399],[15.841016611063749,108.28327038413734],[15.840990799774891,108.28326440407474],[15.840964362096445,108.28326377323476],[15.840938314013616,108.28326851585817],[15.840913656539284,108.28327844968663],[15.840677270622628,108.28340262411831]]}]}]}