{
  "id": 144,
  "ref": "QL.14;DHCM;AH17",
  "hData": {
    "trunks-QL.14;DHCM;AH17-0": {
      "id": "trunks-QL.14;DHCM;AH17-0",
      "name": "Quốc lộ 37B",
      "highway_id": 0,
      "way_id": 0,
      "key": "0-0",
      "nodes": [
        [
          13.5478471,
          108.0991442
        ],
        [
          13.5477623,
          108.09919
        ]
      ],
      "bounds": [
        [
          13.54762795765184,
          108.09900601254479
        ],
        [
          13.54762795765184,
          108.0993281874225
        ],
        [
          13.54798144234524,
          108.0993281874225
        ],
        [
          13.54798144234524,
          108.09900601254479
        ]
      ],
      "maxSpeed": 0,
      "minSpeed": 0,
      "lanes": 0,
      "buffer_geometry": [
        [
          13.547699588602777,
          108.0990671464175
        ],
        [
          13.547677492937261,
          108.09908209156741
        ],
        [
          13.547658656359326,
          108.09910118357348
        ],
        [
          13.54764380274725,
          108.09912368874063
        ],
        [
          13.547633502916227,
          108.09914874220853
        ],
        [
          13.547628152682371,
          108.09917538118765
        ],
        [
          13.54762795765184,
          108.09920258195861
        ],
        [
          13.547632925319533,
          108.09922929921277
        ],
        [
          13.547642864781073,
          108.09925450622264
        ],
        [
          13.547657394069129,
          108.09927723429824
        ],
        [
          13.547675954832085,
          108.09929661001307
        ],
        [
          13.547697833791078,
          108.09931188876928
        ],
        [
          13.547722190150774,
          108.09932248341221
        ],
        [
          13.547748087910538,
          108.09932798679445
        ],
        [
          13.547774531834325,
          108.0993281874225
        ],
        [
          13.547800505696985,
          108.0993230775846
        ],
        [
          13.547825011337231,
          108.0993128536473
        ],
        [
          13.547909811359597,
          108.09926705367904
        ],
        [
          13.5479319070361,
          108.09925210853172
        ],
        [
          13.547950743625487,
          108.09923301651564
        ],
        [
          13.547965597247343,
          108.09921051132629
        ],
        [
          13.54797589708452,
          108.09918545782608
        ],
        [
          13.54798124731944,
          108.09915881880822
        ],
        [
          13.54798144234524,
          108.0991316179968
        ],
        [
          13.547976474667177,
          108.09910490070554
        ],
        [
          13.547966535190643,
          108.09907969366655
        ],
        [
          13.547952005884744,
          108.09905696557347
        ],
        [
          13.547933445103334,
          108.09903758985485
        ],
        [
          13.547911566127683,
          108.09902231110874
        ],
        [
          13.547887209755343,
          108.09901171648812
        ],
        [
          13.547861311988658,
          108.0990062131371
        ],
        [
          13.547834868064617,
          108.09900601254479
        ],
        [
          13.547808894208398,
          108.09901112241806
        ],
        [
          13.547784388580414,
          108.09902134638577
        ],
        [
          13.547699588602777,
          108.0990671464175
        ]
      ]
    },
    "trunks-QL.14;DHCM;AH17-1": {
      "id": "trunks-QL.14;DHCM;AH17-1",
      "name": "Quốc lộ 37B",
      "highway_id": 0,
      "way_id": 1,
      "key": "0-1",
      "nodes": [
        [
          13.536329,
          108.1035252
        ],
        [
          13.5362016,
          108.1035647
        ]
      ],
      "bounds": [
        [
          13.536067328556982,
          108.10338709216683
        ],
        [
          13.536067328556982,
          108.10370280777649
        ],
        [
          13.536463271440219,
          108.10370280777649
        ],
        [
          13.536463271440219,
          108.10338709216683
        ]
      ],
      "maxSpeed": 0,
      "minSpeed": 0,
      "lanes": 0,
      "buffer_geometry": [
        [
          13.536162667347888,
          108.1034318520029
        ],
        [
          13.536138217996314,
          108.10344221703875
        ],
        [
          13.536116204380075,
          108.1034572890224
        ],
        [
          13.536097472469317,
          108.10347648874529
        ],
        [
          13.536082742120014,
          108.10349907837283
        ],
        [
          13.53607257941045,
          108.10352418979899
        ],
        [
          13.536067374887244,
          108.10355085800695
        ],
        [
          13.536067328556982,
          108.10357805815404
        ],
        [
          13.536072442200103,
          108.10360474495565
        ],
        [
          13.536082519302495,
          108.10362989285451
        ],
        [
          13.53609717260736,
          108.10365253543226
        ],
        [
          13.536115838997196,
          108.103671802548
        ],
        [
          13.536137801133957,
          108.10368695377727
        ],
        [
          13.536162215025827,
          108.10369740686617
        ],
        [
          13.53618814246124,
          108.10370276010714
        ],
        [
          13.536214587063716,
          108.10370280777649
        ],
        [
          13.536240532582017,
          108.10369754804059
        ],
        [
          13.536367932602857,
          108.10365804810523
        ],
        [
          13.536392381963317,
          108.10364768308156
        ],
        [
          13.536414395590956,
          108.10363261109804
        ],
        [
          13.53643312751362,
          108.10361341136186
        ],
        [
          13.536447857873176,
          108.10359082170814
        ],
        [
          13.53645802058939,
          108.10356571024523
        ],
        [
          13.536463225114169,
          108.10353904199383
        ],
        [
          13.536463271440219,
          108.10351184180146
        ],
        [
          13.536458157787248,
          108.10348515495805
        ],
        [
          13.536448080670398,
          108.1034600070256
        ],
        [
          13.536433427348218,
          108.10343736442633
        ],
        [
          13.536414760940444,
          108.10341809730326
        ],
        [
          13.536392798787505,
          108.10340294608116
        ],
        [
          13.536368384883408,
          108.10339249301235
        ],
        [
          13.536342457441402,
          108.10338713980113
        ],
        [
          13.536316012838864,
          108.10338709216683
        ],
        [
          13.536290067327045,
          108.10339235193824
        ],
        [
          13.536162667347888,
          108.1034318520029
        ]
      ]
    }
  },
  "keyData": {
    "13.54_108.09__13.55_108.10": [
      "trunks-QL.14;DHCM;AH17-0",
      "trunks-QL.14;DHCM;AH17-0"
    ],
    "13.53_108.10__13.54_108.11": [
      "trunks-QL.14;DHCM;AH17-1",
      "trunks-QL.14;DHCM;AH17-1"
    ]
  },
  "highways": [
    {
      "id": 0,
      "highway_name": "Quốc lộ 37B",
      "ways": [
        {
          "id": 0,
          "nodes": [
            [
              13.5478471,
              108.0991442
            ],
            [
              13.5477623,
              108.09919
            ]
          ],
          "bounds": [
            [
              13.5477623,
              108.0991442
            ],
            [
              13.5478471,
              108.09919
            ]
          ],
          "maxSpeed": 0,
          "minSpeed": 0,
          "lanes": 0,