{"id":116,"ref":"QL.12A","hData":{"trunks-QL.12A-0":{"id":"trunks-QL.12A-0","name":"Cầu Chợ Gát","highway_id":0,"way_id":0,"key":"0-0","nodes":[[17.843822,106.1461532],[17.8425611,106.1443488]],"bounds":[[17.84242633372764,106.14420722422784],[17.84242633372764,106.14629477684498],[17.84395676632968,106.14629477684498],[17.84395676632968,106.14420722422784]],"buffer_geometry":[[17.842669842126774,106.14426493757966],[17.842652178848333,106.14424426249559],[17.842631015460107,106.14422760473528],[17.842607165260326,106.14421560444644],[17.842581544799668,106.14420872279196],[17.842555138658614,106.14420722422784],[17.842528961610487,106.14421116634071],[17.842504019624247,106.14422039763511],[17.84248127120571,106.14423456335568],[17.842461590562866,106.14425311912062],[17.842445734010642,106.14427535184198],[17.842434310906366,106.14430040712946],[17.842427760232642,106.14432732212389],[17.84242633372764,106.14435506249922],[17.84243008621103,106.14438256221077],[17.842438873477295,106.1444087644623],[17.842452357837434,106.14443266231787],[17.843713257067105,106.14623706180959],[17.843730920135798,106.14625773721465],[17.84375208335187,106.14627439531928],[17.843775933425885,106.14628639596118],[17.843801553813748,106.14629327796091],[17.84382795993888,106.14629477684498],[17.84385413702882,106.14629083500978],[17.84387907911237,106.14628160393548],[17.843901827678515,106.14626743836527],[17.84392150851163,106.14624888267294],[17.84393736528722,106.14622664994305],[17.84394878863719,106.14620159456761],[17.843955339567717,106.14617467941217],[17.84395676632968,106.14614693881312],[17.843953014093294,106.14611943882852],[17.843944227055214,106.14609323626962],[17.843930742897097,106.14606933808795],[17.842669842126774,106.14426493757966]]}},"keyData":{"17.84_106.14__17.85_106.15":["trunks-QL.12A-0"]},"highways":[{"id":0,"highway_name":"Cầu Chợ Gát","ways":[{"id":0,"nodes":[[17.843822,106.1461532],[17.8425611,106.1443488]],"bounds":[[17.8425611,106.1443488],[17.843822,106.1461532]],"buffer_geometry":[[17.842669842126774,106.14426493757966],[17.842652178848333,106.14424426249559],[17.842631015460107,106.14422760473528],[17.842607165260326,106.14421560444644],[17.842581544799668,106.14420872279196],[17.842555138658614,106.14420722422784],[17.842528961610487,106.14421116634071],[17.842504019624247,106.14422039763511],[17.84248127120571,106.14423456335568],[17.842461590562866,106.14425311912062],[17.842445734010642,106.14427535184198],[17.842434310906366,106.14430040712946],[17.842427760232642,106.14432732212389],[17.84242633372764,106.14435506249922],[17.84243008621103,106.14438256221077],[17.842438873477295,106.1444087644623],[17.842452357837434,106.14443266231787],[17.843713257067105,106.14623706180959],[17.843730920135798,106.14625773721465],[17.84375208335187,106.14627439531928],[17.843775933425885,106.14628639596118],[17.843801553813748,106.14629327796091],[17.84382795993888,106.14629477684498],[17.84385413702882,106.14629083500978],[17.84387907911237,106.14628160393548],[17.843901827678515,106.14626743836527],[17.84392150851163,106.14624888267294],[17.84393736528722,106.14622664994305],[17.84394878863719,106.14620159456761],[17.843955339567717,106.14617467941217],[17.84395676632968,106.14614693881312],[17.843953014093294,106.14611943882852],[17.843944227055214,106.14609323626962],[17.843930742897097,106.14606933808795],[17.842669842126774,106.14426493757966]]}]}]}