{"id":53,"ref":"QL.61","highways":[{"id":0,"highway_name":"Đường Võ Văn Kiệt","maxSpeed":0,"minSpeed":null,"ways":[{"id":0,"nodes":[[9.9059886,105.1581993],[9.9058236,105.1583405],[9.9056151,105.1585085],[9.9054185,105.1586406],[9.9048976,105.1589819],[9.9048001,105.1590381],[9.9046976,105.1591062],[9.9040931,105.1594387],[9.9037554,105.1596469],[9.9033549,105.1598937],[9.9032233,105.1599767],[9.902694,105.1603106],[9.9023444,105.1605249]],"bounds":[[9.9023444,105.1581993],[9.9059886,105.1605249]],"lanes":"2","buffer_geometry":[[9.905738174870274,105.15823449752938],[9.905535791065736,105.15839756944],[9.90534469179032,105.15852597344285],[9.904827662064779,105.15886473777657],[9.904733491281403,105.15891901881548],[9.904726226386977,105.15892351980447],[9.90462841123009,105.1589885072757],[9.90402883414202,105.15931829968486],[9.904023074546846,105.15932165644985],[9.903685386742577,105.15952984905134],[9.90328489895323,105.15977664166962],[9.903283709153177,105.15977738344031],[9.903152109181727,105.15986038346895],[9.902623530505698,105.16019382862135],[9.902274668587841,105.16040767631118],[9.902253479948984,105.16042373838695],[9.902235785316307,105.16044368804361],[9.902222264684015,105.16046675862715],[9.90221343764188,105.16049206354856],[9.902209643407794,105.1605186303549],[9.90221102779187,105.16054543809992],[9.902217537593067,105.1605714565782],[9.902228922643673,105.16059568591534],[9.902244745423056,105.16061719499228],[9.902264397871267,105.16063515722763],[9.902287124756352,105.16064888234261],[9.90231205269741,105.16065784288814],[9.902338223728028,105.16066169451454],[9.90236463211035,105.16066028920477],[9.902390262984992,105.16065368096282],[9.902414131371524,105.16064212373864],[9.902763731445809,105.160427823818],[9.902765201705874,105.16042690950117],[9.90329449629966,105.16009301309919],[9.903425497797388,105.16001039062064],[9.903825401091678,105.15976395847055],[9.90416028632579,105.1595574939651],[9.9047618659335,105.15922660051898],[9.904771473551124,105.15922078022666],[9.90487041109673,105.15915504712201],[9.904964208696454,105.15910098125684],[9.904970754521063,105.15909695470593],[9.905491654637192,105.15875565481247],[9.905492956796593,105.1587547907829],[9.905689556841207,105.15862269082135],[9.905698966390364,105.15861575839409],[9.905907466443653,105.15844775841931],[9.905910546578403,105.15844520050754],[9.906075546622125,105.15830400052278],[9.906093997500685,105.15828476956972],[9.906108398011522,105.15826225406589],[9.906118194750514,105.15823731927],[9.906123011234055,105.15821092341318],[9.90612266236716,105.15818408087456],[9.906117161556606,105.15815782319912],[9.90610672019571,105.15813315945572],[9.906091739540564,105.15811103745905],[9.90607279528991,105.1580923073455],[9.906050615461302,105.15807768890278],[9.906026052413672,105.15806774390893],[9.90600005009159,105.1580628545436],[9.905973607749932,105.1580632087012],[9.905947741553042,105.15806879277037],[9.905923445524111,105.15807939215733],[9.905901653345456,105.15809459953273],[9.905738174870274,105.15823449752938]]},{"id":1,"nodes":[[9.9062272,105.157989],[9.9059886,105.1581993]],"bounds":[[9.9059886,105.157989],[9.9062272,105.1581993]],"lanes":"2","buffer_geometry":[[9.905900159050109,105.15809589732036],[9.905881986305962,105.15811539927053],[9.90586791066536,105.15813812547557],[9.905858473046722,105.15816320258072],[9.905854036132034,105.15818966688782],[9.905854770429231,105.15821650138956],[9.905860647719718,105.15824267485236],[9.905871442142786,105.15826718144584],[9.90588673887527,105.15828907939616],[9.905905950072896,105.15830752717783],[9.905928337460733,105.15832181585283],[9.905953040704572,105.1583313963149],[9.905979110473018,105.15833590039128],[9.906005544919694,105.15833515499169],[9.906031328183603,105.15832918876015],[9.90605546942811,105.15831823097449],[9.906077040918264,105.1583027027354],[9.906315640982584,105.15809240275391],[9.906333813725405,105.15807290077669],[9.906347889361625,105.15805017453657],[9.906357326971873,105.15802509739076],[9.906361763873683,105.15799863304083],[9.906361029559195,105.1579717984981],[9.906355152247738,105.15794562500024],[9.90634435780136,105.15792111838122],[9.906329061045046,105.1578992204175],[9.906309849825137,105.15788077263596],[9.906287462418664,105.15786648397443],[9.906262759161653,105.15785690353762],[9.906236689386821,105.1578523994954],[9.90621025494121,105.1578531449344],[9.906184471685696,105.1578591112066],[9.906160330456073,105.15787006903038],[9.90613875898579,105.15788559730184],[9.905900159050109,105.15809589732036]]},{"id":2,"nodes":[[9.928936,105.1391195],[9.9288034,105.1392242],[9.9286868,105.1393163],[9.9285001,105.1394638],[9.9284724,105.1394856],[9.9273028,105.1404095],[9.926719,105.1408706],[9.9266799,105.1409015],[9.926166,105.1413073],[9.9254055,105.141908],[9.9251051,105.1421453],[9.9244283,105.1426799],[9.9243004,105.1427808],[9.9241107,105.1429283],[9.9236948,105.1432576],[9.922856,105.1439217],[9.9227479,105.1440061],[9.9221444,105.1444773],[9.9219905,105.1445975],[9.9217188,105.1448096],[9.9216558,105.1448593],[9.9212216,105.1451968],[9.9205527,105.1457168],[9.9201828,105.1460044],[9.9191717,105.1467904],[9.9187947,105.1470686],[9.918044,105.1476745],[9.917713,105.1479353],[9.9168914,105.1485722],[9.9166146,105.1487868],[9.916423,105.1489353],[9.9158125,105.1494086],[9.9145587,105.1503847],[9.9142738,105.1506276],[9.9142258,105.1506686],[9.9138547,105.1509519],[9.9137289,105.1510558],[9.9134598,105.1513092],[9.9133582,105.1514064],[9.912056,105.1526123],[9.9119854,105.1526777],[9.9118468,105.1528061],[9.9117089,105.1529331],[9.9111739,105.1534359],[9.9106205,105.153951],[9.91029,105.1542738],[9.9100303,105.1545274],[9.9097922,105.1547367],[9.9096301,105.1548905],[9.9091261,105.1553494],[9.9088651,105.155587],[9.9088039,105.1556428],[9.9084104,105.1559898],[9.9083317,105.1560619],[9.9079702,105.1563929],[9.9073589,105.1569527],[9.9062272,105.157989]],"bounds":[[9.9062272,105.1391195],[9.928936,105.157989]],"lanes":"2",