{
  "id": 130,
  "ref": "QL.9;DHCM",
  "hData": {
    "trunks-QL.9;DHCM-0": {
      "id": "trunks-QL.9;DHCM-0",
      "name": "Quốc lộ 37B",
      "highway_id": 0,
      "way_id": 0,
      "key": "0-0",
      "nodes": [
        [
          16.808323,
          107.0061896
        ],
        [
          16.808393,
          107.0060742
        ],
        [
          16.8085927,
          107.005618
        ]
      ],
      "bounds": [
        [
          16.8081881416003,
          107.00547717364522
        ],
        [
          16.8081881416003,
          107.00633047702028
        ],
        [
          16.80872750970584,
          107.00633047702028
        ],
        [
          16.80872750970584,
          107.00547717364522
        ]
      ],
      "maxSpeed": 0,
      "minSpeed": 0,
      "lanes": 0,
      "buffer_geometry": [
        [
          16.808506947766197,
          107.00614962626749
        ],
        [
          16.808515679749846,
          107.00613280330955
        ],
        [
          16.80871537987901,
          107.0056766030762
        ],
        [
          16.808723967053737,
          107.00565047518627
        ],
        [
          16.80872750970584,
          107.00562309929059
        ],
        [
          16.808725871692904,
          107.00559552743162
        ],
        [
          16.808719115962983,
          107.00556881918266
        ],
        [
          16.808707502135515,
          107.00554400092864
        ],
        [
          16.808691476524206,
          107.00552202642254
        ],
        [
          16.808671654985357,
          107.0055037401329
        ],
        [
          16.80864879925063,
          107.00548984479126
        ],
        [
          16.80862378765403,
          107.00548087438675
        ],
        [
          16.808597581377832,
          107.00547717364522
        ],
        [
          16.808571187514833,
          107.00547888478194
        ],
        [
          16.808545620366232,
          107.00548594203667
        ],
        [
          16.808521862462705,
          107.00549807420114
        ],
        [
          16.80850082680631,
          107.0055148150417
        ],
        [
          16.8084833217845,
          107.00553552121667
        ],
        [
          16.80847002010439,
          107.00555939699962
        ],
        [
          16.808274138215115,
          107.00600687489685
        ],
        [
          16.808209052248372,
          107.00611417378167
        ],
        [
          16.808197155454405,
          107.00613884527631
        ],
        [
          16.80819009479281,
          107.00616546724271
        ],
        [
          16.8081881416003,
          107.0061930166155
        ],
        [
          16.808191370936814,
          107.00622043468995
        ],
        [
          16.80819965870102,
          107.00624666780699
        ],
        [
          16.80821268639941,
          107.00627070784444
        ],
        [
          16.808229953385773,
          107.00629163095829
        ],
        [
          16.80825079610055,
          107.00630863308531
        ],
        [
          16.80827441357093,
          107.0063210608428
        ],
        [
          16.80829989819164,
          107.00632843663763
        ],
        [
          16.808326270603523,
          107.00633047702028
        ],
        [
          16.808352517329762,
          107.00632710357777
        ],
        [
          16.808377629723118,
          107.00631844594743
        ],
        [
          16.808400642727758,
          107.00630483683537
        ],
        [
          16.808420671965923,
          107.00628679923099
        ],
        [
          16.80843694772415,
          107.00626502630898
        ],
        [
          16.808506947766197,
          107.00614962626749
        ]
      ]
    },
    "trunks-QL.9;DHCM-1": {
      "id": "trunks-QL.9;DHCM-1",
      "name": "Quốc lộ 37B",
      "highway_id": 0,
      "way_id": 1,
      "key": "0-1",
      "nodes": [
        [
          16.8080414,
          107.0066635
        ],
        [
          16.808323,
          107.0061896
        ]
      ],
      "bounds": [
        [
          16.807906577720548,
          107.00604876072912
        ],
        [
          16.807906577720548,
          107.0068043390798
        ],
        [
          16.808457822268533,
          107.0068043390798
        ],
        [
          16.808457822268533,
          107.00604876072912
        ]
      ],
      "maxSpeed": 0,
      "minSpeed": 0,
      "lanes": 0,
      "buffer_geometry": [
        [
          16.808437612435945,
          107.00626391916342
        ],
        [
          16.80844928970707,
          107.00623913345245
        ],
        [
          16.8084561137326,
          107.00621244419496
        ],
        [
          16.808457822268533,
          107.00618487704602
        ],
        [
          16.808454349656643,
          107.00615749139796
        ],
        [
          16.808445829347747,
          107.00613133966797
        ],
        [
          16.808432588773183,
          107.00610742685419
        ],
        [
          16.808415136761727,
          107.00608667191372
        ],
        [
          16.808394143985446,
          107.00606987244757
        ],
        [
          16.808370417185998,
          107.0060576740492
        ],
        [
          16.808344868171815,
          107.00605054549493
        ],
        [
          16.808318478777718,
          107.00604876072912
        ],
        [
          16.80829226313346,
          107.00605238833711
        ],
        [
          16.808267228691268,
          107.00606128890983
        ],
        [
          16.808244337510068,
          107.0060751204015
        ],
        [
          16.8082244692842,
          107.00609335127453
        ],
        [
          16.808208387537373,
          107.00611528092641
        ],
        [
          16.80792678770753,
          107.00658918075038
        ],
        [
          16.80791511039449,
          107.0066139663715
        ],
        [
          16.807908286317183,
          107.00664065553845
        ],
        [
          16.807906577720548,
          107.0066682226034
        ],
        [
          16.80791005026486,
          107.00669560818173
        ],
        [
          16.807918570502462,
          107.00672175986318
        ],
        [
          16.807931811006057,
          107.00674567265506
        ],
        [
          16.807949262951436,
          107.00676642760327
        ],
        [
          16.807970255671172,
          107.00678322710712
        ],
        [
          16.807993982427863,
          107.00679542557049
        ],
        [
          16.80801953141639,
          107.00680255421193
        ],
        [
          16.808045920803988,
          107.0068043390798
        ],
        [
          16.808072136461426,
          107.00680071158045
        ],
        [
          16.80809717093541,
          107.00679181111448
        ],
        [
          16.8081200621645,
          107.00677797972004
        ],
        [
          16.808139930450675,
          107.00675974892876
        ],
        [
          16.80815601226578,
          107.00673781933942
        ],
        [
          16.808437612435945,
          107.00626391916342
        ]
      ]
    }
  },
  "keyData": {
    "16.80_107.00__16.81_107.01": [
      "trunks-QL.9;DHCM-0",
      "trunks-QL.9;DHCM-1",
      "trunks-QL.9;DHCM-0",
      "trunks-QL.9;DHCM-1"
    ]
  },
  "highways": [
    {
      "id": 0,
      "highway_name": "Quốc lộ 37B",
      "ways": [
        {
          "id": 0,
          "nodes": [
            [
              16.808323,
              107.0061896
            ],
            [
              16.808393,
              107.0060742
            ],
            [
              16.8085927,
              107.005618
            ]
          ],