{"id":150,"ref":"QL.20;QL.55","highways":[{"id":0,"highway_name":"Trần Phú","maxSpeed":0,"minSpeed":null,"ways":[{"id":0,"nodes":[[11.531448,107.8298777],[11.5316561,107.8297474],[11.5321903,107.829537],[11.5326669,107.8293756],[11.5331584,107.8292146],[11.5334756,107.8290512],[11.5338067,107.828815],[11.5341113,107.8285001],[11.5345781,107.8278914],[11.5349122,107.8274556],[11.5351221,107.8271659],[11.5352052,107.8270612],[11.5355745,107.8264633],[11.5356646,107.8262075],[11.5357425,107.8257672],[11.5357157,107.825303],[11.5356619,107.8250559],[11.5356106,107.8248203],[11.5352807,107.8237397],[11.5351045,107.8232051]],"bounds":[[11.531448,107.8232051],[11.5357425,107.8298777]],"buffer_geometry":[[11.531716150859165,107.82987132174962],[11.532235851409926,107.82966663273345],[11.532708755020046,107.82950648472993],[11.533199624921552,107.82934569135926],[11.533219183564373,107.82933750940892],[11.533536383633036,107.82917410951241],[11.533552882786783,107.82916404463865],[11.53388398287791,107.82892784470674],[11.533902698389621,107.82891172553346],[11.534207298493767,107.82859682553074],[11.534217528776551,107.82858495769042],[11.53468432895317,107.82797625760121],[11.535018441719203,107.82754044105279],[11.53502066371699,107.82753745999158],[11.53522879450218,107.82725020189247],[11.535310021450545,107.82714786182616],[11.535319315685573,107.82713462110894],[11.535688615835678,107.8265367209625],[11.535701444485811,107.82650987613663],[11.535791544526552,107.8262540760359],[11.53579735112904,107.82623196549088],[11.53587525116587,107.82579166528946],[11.535877164483452,107.82575910154956],[11.535850364470594,107.82529490132768],[11.535847385968092,107.82527313426317],[11.535793585942848,107.82502603415297],[11.535742285480154,107.82479043203338],[11.535739390995149,107.82477934334153],[11.535409490843783,107.82369874289395],[11.53540855797307,107.82369580378528],[11.535232357892811,107.82316120356936],[11.53522151033734,107.82313658898802],[11.53520616613867,107.8231146072497],[11.535186914966438,107.82309610310077],[11.535164496633106,107.82308178764518],[11.535139772663301,107.82307221101722],[11.535113693185801,107.82306774124025],[11.535087260420527,107.82306855008389],[11.535061490163784,107.82307460646328],[11.535037372751773,107.82308567763384],[11.535015835002579,107.8231013381357],[11.534997704599135,107.82312098614408],[11.534983678281966,107.82314386659714],[11.534974295073924,107.82316910021252],[11.534969915565958,107.82319571727764],[11.534970708059868,107.82322269491503],[11.534976642100597,107.82324899639063],[11.535152359429256,107.82378213196317],[11.535480135169877,107.82485577388988],[11.535530214273406,107.82508576682625],[11.53558167091072,107.8253221038931],[11.535606888791051,107.82575890009419],[11.535533848561721,107.82617173208212],[11.535452534863616,107.82640258719434],[11.535095347039384,107.82698087755026],[11.535017278554799,107.82707923822512],[11.53501363617901,107.82708404012239],[11.534804827390506,107.82737223411598],[11.534471864701786,107.82780655070475],[11.534009852023246,107.82840900826967],[11.533719339572887,107.82870934445707],[11.533406214549188,107.82893272159858],[11.533107080686742,107.82908681527711],[11.532625675091833,107.82924450888508],[11.532624416765819,107.82924492803387],[11.532147816837913,107.82940632823124],[11.53214173251878,107.82940855519956],[11.53160753261116,107.82961895540755],[11.53158555726433,107.82963004767795],[11.531377457316607,107.82976034773219],[11.531356380601071,107.82977664832806],[11.531338824767182,107.82979683227927],[11.531325464475065,107.82982012392804],[11.531316813152634,107.82984562819013],[11.53131320326491,107.82987236495218],[11.531314773537657,107.82989930673682],[11.531321463626265,107.82992541818784],[11.531333016434727,107.82994969585813],[11.531348987995662,107.82997120677132],[11.53136876453163,107.82998912427547],[11.531391586042162,107.8300027598108],[11.531416575510033,107.83001158937057],[11.531442772604448,107.83001527363864],[11.531469170585963,107.8300136710292],[11.53149475499486,107.83000684312822],[11.531518542636302,107.82999505232678],[11.531716150859165,107.82987132174962]]}]}]}