{"id":138,"ref":"QL. 8A;AH15","highways":[{"id":0,"highway_name":"Phan Đình Phùng - QL.8A","maxSpeed":0,"minSpeed":null,"ways":[{"id":0,"nodes":[[18.5126242,105.5646565],[18.5127804,105.5650317],[18.5129338,105.5652833],[18.5152857,105.5691399],[18.515536,105.5696442],[18.5156879,105.5702475],[18.5156969,105.5707377],[18.5156164,105.5713316],[18.5153768,105.5721025],[18.5146407,105.574471],[18.514553,105.5748151],[18.5145513,105.574961],[18.5145487,105.5751972],[18.5146047,105.5755322],[18.514737,105.5758688],[18.5149395,105.5762033],[18.5150909,105.5764534],[18.5154121,105.5768885]],"bounds":[[18.5126242,105.5646565],[18.5156969,105.5768885]],"buffer_geometry":[[18.51265688157567,105.56508888733498],[18.51266693252474,105.5651086375427],[18.512820332423,105.56536023744485],[18.515168979340935,105.56921150399992],[18.515409490286267,105.5696960812454],[18.515553342363678,105.57026741739882],[18.51556181611561,105.57072895479568],[18.515484531562112,105.57129913240982],[18.515248612283216,105.57205818985817],[18.514512511708286,105.57442669189886],[18.514510425513816,105.57443407391105],[18.5144227255806,105.574778173668],[18.514418112127835,105.5748133521161],[18.514416412129183,105.5749592520011],[18.514413811034814,105.57519554859083],[18.514415850492803,105.5752218982348],[18.514471850449336,105.57555689798275],[18.514480083190076,105.57558667337413],[18.51461238309373,105.57592327317109],[18.5146232980483,105.57594535247546],[18.514825797355694,105.57627985142194],[18.514977196697117,105.57652995040173],[18.514984456188394,105.57654079194815],[18.51530565598857,105.57697589184147],[18.51532386808078,105.57699611239177],[18.515345470875577,105.57701219746454],[18.515369634190783,105.57702352891857],[18.51539542944463,105.57702967129083],[18.515421865340485,105.57703038853111],[18.51544792596175,105.57702565307379],[18.515472609812978,105.5770156468975],[18.515494968306815,105.57700075453211],[18.51551414221781,105.57698154828182],[18.51552939470215,105.57695876623194],[18.51554013961429,105.57693328388467],[18.51554596403241,105.57690608051402],[18.515546644126886,105.57687820153252],[18.51554215376199,105.57685071831627],[18.515532665500345,105.57682468703219],[18.515518543971304,105.57680110804979],[18.51520121355781,105.57637124996585],[18.515053203171494,105.57612674939806],[18.5148570790531,105.57580278147068],[18.514734981289656,105.57549213821218],[18.514683735101322,105.57518557621171],[18.51468618843463,105.57496269961385],[18.514687679365657,105.57483474316653],[18.514770026169906,105.57451164694862],[18.51550498826974,105.57214680839596],[18.515744587885987,105.5713759096927],[18.515749940605424,105.57135173110079],[18.515830440668253,105.57075783064671],[18.515831772779165,105.57073494621615],[18.515822772772076,105.57024474582987],[18.515818280211434,105.57021099101192],[18.515666380095674,105.56960769058459],[18.51565551591464,105.56957822766687],[18.515405215739793,105.56907392741111],[18.515399160424817,105.56906294971658],[18.51304726320591,105.56520635533485],[18.512899632939217,105.56496421864857],[18.512747718294364,105.56459931236382],[18.512734765489768,105.56457499898299],[18.512717563713345,105.56455381764653],[18.51269677402088,105.5645365823417],[18.512673195349755,105.56452395541102],[18.512647733816014,105.56451642209886],[18.512621367892745,105.5645142719041],[18.51259511080777,105.56451758745503],[18.512569971605863,105.56452624133446],[18.512546916371754,105.56453990097667],[18.512526831104157,105.56455804144797],[18.512510487667477,105.56457996561981],[18.512498514129664,105.56460483095918],[18.512491370626112,105.5646316819065],[18.512489331677045,105.56465948659704],[18.512492475637952,105.5646871765146],[18.51250068168845,105.56471368755359],[18.51265688157567,105.56508888733498]]},{"id":1,"nodes":[[18.5154857,105.5768369],[18.5154753,105.5768217],[18.5151685,105.576368],[18.5150974,105.5762472],[18.5148382,105.5758069],[18.5147081,105.5754697],[18.5146668,105.5751729],[18.5146738,105.5748886],[18.5146755,105.5748181],[18.5147374,105.5745523],[18.514756,105.5744725],[18.515034,105.5735893],[18.51553,105.5720141],[18.5157278,105.5713857],[18.5158342,105.570752],[18.5158284,105.5702153],[18.5156531,105.5696149],[18.5155704,105.5694461],[18.5153828,105.569063],[18.5147243,105.5679856],[18.5136633,105.5662496],[18.5130004,105.5651767],[18.5128423,105.5649207],[18.5126242,105.5646565]],"bounds":[[18.5126242,105.5646565],[18.5158342,105.5768369]],