{"id":48,"ref":"CT.01;QL.1","highways":[{"id":0,"highway_name":"Cầu Chà Và Lớn","maxSpeed":0,"minSpeed":null,"ways":[{"id":0,"nodes":[[10.070518,105.833915],[10.0734857,105.833633]],"bounds":[[10.070518,105.833633],[10.0734857,105.833915]],"lanes":"3","buffer_geometry":[[10.073498266034111,105.83376941443984],[10.073524227456721,105.83376430338426],[10.073548708291577,105.83375414641147],[10.073570767753484,105.83373933384733],[10.073589558109122,105.8337204349299],[10.073604357255029,105.83369817593392],[10.073614596467745,105.83367341226064],[10.073619882259628,105.833647095565],[10.07362001150041,105.83362023718404],[10.073614979223434,105.83359386927154],[10.073604978816515,105.83356900513277],[10.073590394590125,105.83354660028355],[10.073571787008477,105.8335275157302],[10.07354987115113,105.83351248488137],[10.07352548923277,105.83350208536368],[10.073499578237291,105.8334967168239],[10.073473133909966,105.8334965855708],[10.070505434025575,105.83377858681486],[10.070479472602747,105.83378369782145],[10.070454991766988,105.83379385469534],[10.070432932302653,105.83380866711266],[10.070414141942004,105.83382756584004],[10.070399342787447,105.83384982460993],[10.070389103561595,105.8338745880308],[10.070383817751724,105.83390090445911],[10.070383688488288,105.83392776257051],[10.070388720738805,105.83395413022409],[10.070398721116943,105.83397899412688],[10.070413305314219,105.83400139877395],[10.070431912868687,105.83402048316778],[10.070453828703089,105.83403551390585],[10.070478210604778,105.83404591336482],[10.070504121591396,105.83405128189844],[10.070530565918503,105.8340514131958],[10.073498266034111,105.83376941443984]]},{"id":1,"nodes":[[10.0735031,105.8335349],[10.072008,105.8336684],[10.0704966,105.8338247]],"bounds":[[10.0704966,105.8335349],[10.0735031,105.8338247]],"lanes":"3","buffer_geometry":[[10.071996185953186,105.83353191688963],[10.071994335197319,105.83353209520757],[10.07048293526134,105.83368839583957],[10.070457015891192,105.83369372246356],[10.070432617716934,105.83370408247899],[10.070410678346269,105.83371907775539],[10.070392040896335,105.83373813203222],[10.070377421593252,105.83376051306429],[10.07036738224806,105.83378536076162],[10.070362308666727,105.83381172024204],[10.070362395823906,105.83383857852664],[10.070367640370192,105.83386490346791],[10.070377840760857,105.83388968341428],[10.07039260500106,105.83391196608721],[10.070411365709909,105.83393089517654],[10.070433401924506,105.833945743248],[10.070457866806057,105.833955939698],[10.07048382018333,105.83396109268182],[10.070510264682827,105.83396100417197],[10.072020739973745,105.83380480043857],[10.073514914045596,105.83367138374811],[10.073540903228976,105.83366642036337],[10.073565439656274,105.83365640272308],[10.07358758040592,105.83364171579859],[10.073606474620751,105.8336229239997],[10.073621396206056,105.83360074948463],[10.0736317717331,105.83357604440806],[10.07363720247574,105.8335497581731],[10.073637479733334,105.83352290094618],[10.073632592851016,105.83349650483673],[10.073622729629157,105.83347158423362],[10.073608269106279,105.83344909682259],[10.073589766992736,105.83342990678273],[10.073567934315005,105.83341475157653],[10.07354361009123,105.83340421360963],[10.07351772908814,105.83339869784928],[10.07349128589842,105.8333984162619],[10.071996185953186,105.83353191688963]]}]}]}