{"id":132,"ref":"QL.14;DHCM;AH17","highways":[{"id":0,"highway_name":"Đường Hồ Chí Minh","maxSpeed":0,"minSpeed":null,"ways":[{"id":0,"nodes":[[13.5478471,108.0991442],[13.5477623,108.09919]],"bounds":[[13.5477623,108.0991442],[13.5478471,108.09919]],"buffer_geometry":[[13.547699588602777,108.0990671464175],[13.547677492937261,108.09908209156741],[13.547658656359326,108.09910118357348],[13.54764380274725,108.09912368874063],[13.547633502916227,108.09914874220853],[13.547628152682371,108.09917538118765],[13.54762795765184,108.09920258195861],[13.547632925319533,108.09922929921277],[13.547642864781073,108.09925450622264],[13.547657394069129,108.09927723429824],[13.547675954832085,108.09929661001307],[13.547697833791078,108.09931188876928],[13.547722190150774,108.09932248341221],[13.547748087910538,108.09932798679445],[13.547774531834325,108.0993281874225],[13.547800505696985,108.0993230775846],[13.547825011337231,108.0993128536473],[13.547909811359597,108.09926705367904],[13.5479319070361,108.09925210853172],[13.547950743625487,108.09923301651564],[13.547965597247343,108.09921051132629],[13.54797589708452,108.09918545782608],[13.54798124731944,108.09915881880822],[13.54798144234524,108.0991316179968],[13.547976474667177,108.09910490070554],[13.547966535190643,108.09907969366655],[13.547952005884744,108.09905696557347],[13.547933445103334,108.09903758985485],[13.547911566127683,108.09902231110874],[13.547887209755343,108.09901171648812],[13.547861311988658,108.0990062131371],[13.547834868064617,108.09900601254479],[13.547808894208398,108.09901112241806],[13.547784388580414,108.09902134638577],[13.547699588602777,108.0990671464175]]}]}]}