{"id":94,"ref":"QL.15;QL.46","hData":{"trunks-QL.15;QL.46-0":{"id":"trunks-QL.15;QL.46-0","name":"Cầu Nam Đàn","highway_id":0,"way_id":0,"key":"0-0","nodes":[[18.6992186,105.4981346],[18.6988426,105.4982574]],"bounds":[[18.698708280899808,105.49799279569177],[18.698708280899808,105.49839920396327],[18.699352919107838,105.49839920396327],[18.699352919107838,105.49799279569177]],"buffer_geometry":[[18.698802732498628,105.49812134637179],[18.69877835680828,105.49813217178631],[18.698756449948398,105.49814780964545],[18.698737853786216,105.4981676589941],[18.698723282960625,105.49819095703297],[18.69871329741918,105.49821680843247],[18.698708280899808,105.49824421973962],[18.698708426184094,105.49827213755559],[18.698713727688855,105.49829948901689],[18.698723981680697,105.49832522302452],[18.69873879410533,105.49834835063677],[18.69875759573068,105.49836798307341],[18.69877966402203,105.49838336587085],[18.698804150908412,105.49839390787585],[18.698830115373344,105.49839920396327],[18.69885655961746,105.49839905060512],[18.69888246740326,105.49839345369229],[18.699258467491806,105.49827065396558],[18.6992828431901,105.4982598285403],[18.69930475005927,105.49824419064701],[18.69932334622951,105.4982243412403],[18.69933791705922,105.49820104312172],[18.6993479025985,105.4981751916259],[18.699352919107838,105.49814778021315],[18.699352773805156,105.49811986229099],[18.69934747227436,105.49809251073206],[18.699337218250772,105.49806677664374],[18.699322405791627,105.49804364897437],[18.699303604132524,105.49802401650827],[18.69928153581188,105.49800863371004],[18.699257048903977,105.49799809173102],[18.699231084427776,105.49799279569177],[18.699204640184,105.49799294911375],[18.69917873241008,105.49799854609851],[18.698802732498628,105.49812134637179]]}},"keyData":{"18.69_105.49__18.70_105.50":["trunks-QL.15;QL.46-0"]},"highways":[{"id":0,"highway_name":"Cầu Nam Đàn","ways":[{"id":0,"nodes":[[18.6992186,105.4981346],[18.6988426,105.4982574]],"bounds":[[18.6988426,105.4981346],[18.6992186,105.4982574]],"buffer_geometry":[[18.698802732498628,105.49812134637179],[18.69877835680828,105.49813217178631],[18.698756449948398,105.49814780964545],[18.698737853786216,105.4981676589941],[18.698723282960625,105.49819095703297],[18.69871329741918,105.49821680843247],[18.698708280899808,105.49824421973962],[18.698708426184094,105.49827213755559],[18.698713727688855,105.49829948901689],[18.698723981680697,105.49832522302452],[18.69873879410533,105.49834835063677],[18.69875759573068,105.49836798307341],[18.69877966402203,105.49838336587085],[18.698804150908412,105.49839390787585],[18.698830115373344,105.49839920396327],[18.69885655961746,105.49839905060512],[18.69888246740326,105.49839345369229],[18.699258467491806,105.49827065396558],[18.6992828431901,105.4982598285403],[18.69930475005927,105.49824419064701],[18.69932334622951,105.4982243412403],[18.69933791705922,105.49820104312172],[18.6993479025985,105.4981751916259],[18.699352919107838,105.49814778021315],[18.699352773805156,105.49811986229099],[18.69934747227436,105.49809251073206],[18.699337218250772,105.49806677664374],[18.699322405791627,105.49804364897437],[18.699303604132524,105.49802401650827],[18.69928153581188,105.49800863371004],[18.699257048903977,105.49799809173102],[18.699231084427776,105.49799279569177],[18.699204640184,105.49799294911375],[18.69917873241008,105.49799854609851],[18.698802732498628,105.49812134637179]]}]}]}