{"id":66,"ref":"QL.40","highways":[{"id":0,"highway_name":"Đường Hùng Vương","maxSpeed":0,"minSpeed":null,"ways":[{"id":0,"nodes":[[14.7055868,107.6858465],[14.7055362,107.6856892],[14.7050971,107.6843677],[14.7041789,107.6816046],[14.7041693,107.681433],[14.7041778,107.6813076],[14.7042145,107.6812064],[14.7046256,107.6806095],[14.7048299,107.6802829],[14.7051678,107.6797459],[14.705295,107.679483],[14.7053615,107.6792854],[14.7054156,107.6790207],[14.7054256,107.678718],[14.7053937,107.6783478],[14.705326,107.6780457],[14.7051912,107.6775801],[14.7051261,107.6773658],[14.7049689,107.6769614],[14.7048767,107.6767681],[14.7046592,107.6763152],[14.7046349,107.6762635],[14.7045685,107.6761222],[14.7045357,107.6760456],[14.7042987,107.6755482],[14.7039538,107.6748239],[14.7038259,107.6745602],[14.7037956,107.6744979],[14.7035978,107.6740903],[14.7031771,107.6732054],[14.7029502,107.6727369],[14.7028323,107.6724935],[14.7025987,107.6720112],[14.7024857,107.6717663],[14.7019926,107.6707234],[14.7018201,107.6703587],[14.7015584,107.6698193],[14.7013588,107.6693632],[14.7012933,107.6692316],[14.7010994,107.6688785],[14.7010552,107.668798],[14.7008562,107.6685029],[14.7007054,107.6682993],[14.7006558,107.6682476],[14.7004553,107.668039],[14.7002619,107.6678771],[14.7001447,107.6677938],[14.6999742,107.6676941],[14.6998498,107.6676236],[14.6996667,107.6675308],[14.6995346,107.6674854],[14.699263,107.6673956],[14.6990054,107.6673219],[14.698543,107.6672428],[14.6978944,107.6671676],[14.6978301,107.6671598],[14.6974662,107.6671154],[14.6966973,107.6670173],[14.6965617,107.667001],[14.6964744,107.6669911],[14.6959185,107.6669279],[14.6951524,107.6668461],[14.6946852,107.6667981],[14.6944572,107.6667768],[14.6943023,107.6667627],[14.6941543,107.6667493],[14.6939334,107.6667266],[14.6937945,107.6667067],[14.6935012,107.6666512],[14.6932357,107.666544],[14.6929069,107.6664174]],"bounds":[[14.6929069,107.6664174],[14.7055868,107.6858465]],"buffer_geometry":[[14.705664204704313,107.68564518738754],[14.705663780172527,107.68564388898942],[14.705224679916121,107.68432238830827],[14.704312502474052,107.68157741152602],[14.704304471155329,107.68143385176064],[14.70431099702989,107.68133757595236],[14.704334619139743,107.6812724381497],[14.704735487443033,107.68069039423962],[14.704738873925894,107.68068523703248],[14.704943075301793,107.68035879476705],[14.705280876335552,107.67982195216405],[14.705288445872016,107.67980829318543],[14.705415645942303,107.67954539307655],[14.705422406435215,107.67952883050704],[14.705488906474022,107.67933123040568],[14.705493483720844,107.67931423322251],[14.705547583753553,107.67904953306966],[14.705550419437493,107.67902546076832],[14.70556041944367,107.67872276058164],[14.70555996591095,107.67870562435816],[14.705528065891338,107.67833542413216],[14.705525117015616,107.6783163213241],[14.705457416974877,107.67801422115203],[14.705455232979807,107.67800570768472],[14.705320432900043,107.67754010743384],[14.705319899959113,107.67753831081149],[14.705254799920743,107.67732401069765],[14.705251268096783,107.67731379309586],[14.705094068006686,107.67690939290148],[14.705089887106283,107.67689971718136],[14.704997687055195,107.67670641710029],[14.704997525195525,107.67670607891131],[14.704780280415543,107.67625371041574],[14.70475623376671,107.67620254944546],[14.704690882210524,107.6760634805627],[14.704659051211353,107.67598914354353],[14.704656712059121,107.67598396964557],[14.704419719310183,107.67548658493043],[14.70407482649771,107.6747623001218],[14.704074386839299,107.67476138530104],[14.703946486768668,107.67449768519202],[14.703946420071963,107.67449754786807],[14.703916147026057,107.6744353032972],[14.703718621243814,107.67402826842411],[14.703298164372786,107.67314387994287],[14.703297722376412,107.6731429588463],[14.703070822251071,107.67267445865241],[14.702952919602247,107.67243105321714],[14.702719898549306,107.6719499485975],[14.702607454262434,107.67170625300339],[14.702606893665465,107.67170505283897],[14.702113793391774,107.67066215239855],[14.701941284848994,107.67029743438253],[14.701940679734175,107.67029617126528],[14.701680190721198,107.66975926734328],[14.701481704105902,107.66930571156571],[14.701478749512166,107.66929938896644],[14.701413249476177,107.6691677889133],[14.701410611199247,107.66916274577711],[14.701216712902694,107.66880964894035],[14.701172514686396,107.66872915220289],[14.701165859723696,107.66871824026543],[14.700966859622856,107.66842314018861],[14.70096330414676,107.66841811099029],[14.700812504072797,107.66821451094903],[14.700801176835155,107.66820108877225],[14.700751576813404,107.66814938877188],[14.700550988295888,107.66794069668289],[14.700540190232102,107.6679306134173],[14.700346790156935,107.66776871345037],[14.700338322551541,107.66776217571933],[14.700221122510536,107.66767887575189],[14.700211112528562,107.66767240904016],[14.700040612476725,107.66757270910463],[14.70003904366673,107.66757180593844],[14.699914643629805,107.66750130598717],[14.699909180420699,107.66749837542079],[14.699726080370931,107.66740557550055],[14.69970925442817,107.66739845815867],[14.699577154402443,107.66735305822989],[14.699575691703725,107.66735256509048],[14.699304091652655,107.6672627652388],[14.699298979199618,107.66726118939702],[14.699041379157206,107.66718748954342],[14.69902742154731,107.6671843084653],[14.698565021500743,107.66710520874862],[14.698558034265686,107.66710420676242],[14.697909777525926,107.66702904697193],[14.697845865708517,107.66702129410149],[14.697482366726712,107.66697694326078],[14.696713822404341,107.66687888912702],[14.696712880088535,107.6668787723804],[14.696577280078873,107.66686247246524],[14.696576408959041,107.66686237071637],[14.696489127394633,107.6668524728624],[14.695933245798079,107.66678927530748],[14.695932358763967,107.6667891775295],[14.695166258715455,107.66670737801081],[14.695165740310273,107.66670732370473],[14.694698540281795,107.66665932399859],[14.694697340614423,107.66665920633795],[14.694469340601772,107.66663790648174],[14.694469031856594,107.66663787800833],[14.694314131848218,107.6666237781061],[14.6941668565923,107.66661044380321],[14.693949336291338,107.6665880912439],[14.693815912764258,107.66656897593451],[14.693538219554888,107.6665164293178],[14.693284775809486,107.66641409738604],[14.693282782600873,107.666413311319],[14.692953982530037,107.66628671148842],[14.692928415531927,107.66627972676922],[14.692902021705436,107.6662780327566],[14.69287581535064,107.66628169454862],[14.692850803562795,107.66629057142283],[14.692827947530331,107.66630432224443],[14.692808125596938,107.66632241857613],[14.692792099507487,107.66634416498579],[14.692780485134724,107.66636872577159],[14.69277372881175,107.66639515707747],[14.6927720901798,107.66642244316488],[14.692775632210473,107.66644953544662],[14.692784218785762,107.66647539278338],[14.692797519928966,107.66649902149369],[14.692815024485416,107.66651951354044],[14.692836059765737,107.66653608142596],[14.692859817396792,107.66654808845524],[14.693187617715857,107.6666743037371],[14.693452124058604,107.66678110268941],[14.693476912067906,107.6667883798105],[14.693770212035334,107.6668438799885],[14.693775982369823,107.66684483883333],[14.693914882358065,107.66686473891947],[14.69392005678473,107.66686537521392],[14.69414095677126,107.66688807535287],[14.694142530741148,107.66688822747439],[14.694290499400505,107.66690162473088],[14.69444521367234,107.66691570792307],[14.694672459215148,107.6669369375853],[14.695138800353947,107.66698484964249],[14.695904197480237,107.66706657507945],[14.69645965408214,107.66712972502235],[14.696546555238882,107.66713957985316],[14.696681248472808,107.6671557709394],[14.69744967745552,107.66725381133186],[14.697450389155096,107.6672539001506],[14.697814289128797,107.66729830037812],[14.69787867928877,107.66730611138773],[14.697879365696599,107.6673061928121],[14.698524459360282,107.6673809866885],[14.698976317950557,107.66745828371602],[14.69922444942424,