{"id":137,"ref":"QL.270","hData":{"QL.270-0":{"id":"QL.270-0","name":"Quốc lộ 270","highway_id":0,"way_id":0,"key":"0-0","nodes":[[21.8573305,103.8355238],[21.8572768,103.8354403]],"bounds":[[21.85714192124055,103.83529497438256],[21.85714192124055,103.83566912567805],[21.857465378760658,103.83566912567805],[21.857465378760658,103.83529497438256]],"buffer_geometry":[[21.857387680019336,103.83535751739353],[21.857370560367603,103.8353358009604],[21.85734983755642,103.83531810037454],[21.857326307953187,103.83530509585889],[21.857300875788493,103.83529728716789],[21.857274518406925,103.83529497438256],[21.857248248708096,103.83529824637895],[21.857223076221484,103.83530697741311],[21.857199968310795,103.83532083195381],[21.857179812998886,103.83533927757719],[21.85716338484169,103.83536160542783],[21.857151315162707,103.83538695745965],[21.857144067791772,103.83541435941004],[21.85714192124055,103.83544275823999],[21.85714495799956,103.83547106260144],[21.85715306136818,103.8354981847766],[21.857165919939337,103.83552308247796],[21.85721961989764,103.83560658244426],[21.85723673951391,103.8356282988869],[21.857257462291983,103.83564599950374],[21.857280991868485,103.8356590040693],[21.85730642401614,103.8356668128236],[21.85733278139253,103.83566912567805],[21.857359051098673,103.83566585374794],[21.85738422360419,103.83565712276874],[21.85740733154297,103.83564326826458],[21.857427486888692,103.83562482265468],[21.857443915081326,103.83560249479304],[21.857455984793265,103.83557714272752],[21.8574632321911,103.83554974072555],[21.857465378760658,103.8355213418333],[21.857462342010223,103.83549303740729],[21.857454238640756,103.8354659151737],[21.85744138006102,103.83544101742723],[21.857387680019336,103.83535751739353]]}},"keyData":{"21.85_103.83__21.86_103.84":["QL.270-0"]},"highways":[{"id":0,"highway_name":"Quốc lộ 270","ways":[{"id":0,"nodes":[[21.8573305,103.8355238],[21.8572768,103.8354403]],"bounds":[[21.8572768,103.8354403],[21.8573305,103.8355238]],"buffer_geometry":[[21.857387680019336,103.83535751739353],[21.857370560367603,103.8353358009604],[21.85734983755642,103.83531810037454],[21.857326307953187,103.83530509585889],[21.857300875788493,103.83529728716789],[21.857274518406925,103.83529497438256],[21.857248248708096,103.83529824637895],[21.857223076221484,103.83530697741311],[21.857199968310795,103.83532083195381],[21.857179812998886,103.83533927757719],[21.85716338484169,103.83536160542783],[21.857151315162707,103.83538695745965],[21.857144067791772,103.83541435941004],[21.85714192124055,103.83544275823999],[21.85714495799956,103.83547106260144],[21.85715306136818,103.8354981847766],[21.857165919939337,103.83552308247796],[21.85721961989764,103.83560658244426],[21.85723673951391,103.8356282988869],[21.857257462291983,103.83564599950374],[21.857280991868485,103.8356590040693],[21.85730642401614,103.8356668128236],[21.85733278139253,103.83566912567805],[21.857359051098673,103.83566585374794],[21.85738422360419,103.83565712276874],[21.85740733154297,103.83564326826458],[21.857427486888692,103.83562482265468],[21.857443915081326,103.83560249479304],[21.857455984793265,103.83557714272752],[21.8574632321911,103.83554974072555],[21.857465378760658,103.8355213418333],[21.857462342010223,103.83549303740729],[21.857454238640756,103.8354659151737],[21.85744138006102,103.83544101742723],[21.857387680019336,103.83535751739353]]}]}]}