{"id":56,"ref":"QL.91C","highways":[{"id":0,"highway_name":"Cầu Cồn Tiên","maxSpeed":0,"minSpeed":null,"ways":[{"id":0,"nodes":[[10.7160835,105.1152172],[10.7182354,105.1180392]],"bounds":[[10.7160835,105.1152172],[10.7182354,105.1180392]],"buffer_geometry":[[10.718128829979468,105.11812337472875],[10.718147012868872,105.11814291727478],[10.71816859242582,105.11815847402754],[10.718192739360674,105.11816944714931],[10.718218525720763,105.11817541494827],[10.718244960551017,105.11817614808402],[10.718271027975776,105.11817161838121],[10.7182957262383,105.11816199991249],[10.718318106197763,105.11814766230923],[10.71833730780428,105.11812915655688],[10.718352593150206,105.11810719382103],[10.718363374827645,105.1180826181178],[10.71836923850228,105.11805637387855],[10.7183699588361,105.11802946965591],[10.718365508147034,105.11800293936544],[10.718356057472795,105.11797780255259],[10.71834196999794,105.117955025212],[10.716190069240414,105.11513302481691],[10.71617188616343,105.115113482578],[10.716150306455415,105.1150979261449],[10.716126159413081,105.11508695334216],[10.716100372994218,105.11508098584751],[10.716073938156725,105.11508025298723],[10.716047870776626,105.11508478292335],[10.716023172608493,105.11509440157168],[10.71600079278863,105.11510873929198],[10.715981591360368,105.11512724509309],[10.715966306223153,105.11514920780738],[10.715955524775614,105.11517378342049],[10.715949661342227,105.11520002750633],[10.715948941251172,105.1152269315206],[10.715953392175102,105.11525346155848],[10.715962843067725,105.11527859808679],[10.715976930736991,105.11530137512382],[10.718128829979468,105.11812337472875]]}]},{"id":1,"highway_name":"Doãn Uẩn","maxSpeed":0,"minSpeed":null,"ways":[{"id":0,"nodes":[[10.714288,105.1130646],[10.715385,105.11431],[10.7154115,105.1143401],[10.7160835,105.1152172]],"bounds":[[10.714288,105.1130646],[10.7160835,105.1152172]],"buffer_geometry":[[10.715284543725955,105.11440163121884],[10.715307955586946,105.1144282235657],[10.715977120004377,105.11530162274117],[10.715995346898225,105.11532112264132],[10.716016961466005,105.1153366288561],[10.716041133072636,105.11534754548988],[10.71606693281732,105.1153534530217],[10.716093369230622,105.11535412442711],[10.716119426376045,105.1153495339031],[10.71614410289187,105.11533985785961],[10.716166450472992,105.11532546814057],[10.716185610313794,105.11530691773423],[10.716200846111677,105.11528491952222],[10.71621157236284,105.11526031888398],[10.71621737686297,105.11523406120914],[10.716218036548103,105.11520715556662],[10.71621352606687,105.11518063592655],[10.716204018754762,105.11515552142512],[10.7161898799729,105.11513277719952],[10.715517879736803,105.11425567707873],[10.715511967370782,105.11424848134698],[10.715485467361988,105.11421838134503],[10.714388444765584,105.11297295601743],[10.714368947584846,105.11295477344153],[10.714346339633728,105.11294081144202],[10.714321489723691,105.11293160657009],[10.714295352823276,105.11292751256275],[10.71426893335911,105.11292868674913],[10.714243246616322,105.11293508400455],[10.714219279721728,105.11294645848486],[10.714197953709133,105.11296237307428],[10.714180088124609,105.11298221618368],[10.714166369531881,105.1130052252536],[10.714157325128184,105.113030516059],[10.71415330248445,105.11305711668948],[10.714154456188421,105.113084004899],[10.714160741903966,105.1131101473901],[10.714171918074857,105.11313453952273],[10.714187555207635,105.11315624392178],[10.715284543725955,105.11440163121884]]}]}]}