{"id":82,"ref":"QL.6;ĐT.70","highways":[{"id":0,"highway_name":"Đường Trần Phú","maxSpeed":0,"minSpeed":null,"ways":[{"id":0,"nodes":[[20.9747233,105.780679],[20.9746424,105.7805706]],"bounds":[[20.9746424,105.7805706],[20.9747233,105.780679]],"buffer_geometry":[[20.974747775109016,105.780480399871],[20.974729319190182,105.7804601165337],[20.97470752301503,105.78044407902138],[20.974683224199612,105.78043290364559],[20.974657356534756,105.78042701986774],[20.97463091410087,105.78042665379552],[20.974604913065892,105.78043181949393],[20.974580352634526,105.78044231844541],[20.974558176649442,105.78045774717901],[20.97453923732009,105.78047751277602],[20.974524262472904,105.78050085565552],[20.97451382758162,105.78052687876479],[20.97450833365227,105.78055458205233],[20.974507991812924,105.78058290089899],[20.974512815200256,105.78061074703025],[20.974522618454664,105.78063705033762],[20.974537024843514,105.78066080000184],[20.974617924786482,105.78076919997423],[20.974636380668745,105.78078948333457],[20.97465817681158,105.78080552088963],[20.974682475602705,105.78081669632414],[20.974708343254182,105.78082258017041],[20.974734785687225,105.78082294631288],[20.974760786733995,105.78081778067802],[20.97478534718836,105.78080728177558],[20.974807523204895,105.78079185307037],[20.9748264625705,105.78077208747771],[20.974841437454614,105.7807487445782],[20.97485187237958,105.78072272142737],[20.9748573663361,105.78069501808233],[20.97485770819397,105.78066669916974],[20.974852884815732,105.78063885297242],[20.974843081561595,105.7806125496068],[20.97482867516606,105.7805887998986],[20.974747775109016,105.780480399871]]},{"id":1,"nodes":[[20.9744414,105.7806076],[20.9745589,105.7807711]],"bounds":[[20.9744414,105.7806076],[20.9745589,105.7807711]],"buffer_geometry":[[20.974451998250636,105.78085921553117],[20.974470103773356,105.78087985786448],[20.974491621684564,105.7808963207014],[20.97451572506427,105.7809079713834],[20.97454148763413,105.78091436217942],[20.974567919353625,105.7809152474921],[20.974594004466688,105.78091059329653],[20.974618740536595,105.78090057844805],[20.97464117696918,105.78088558780954],[20.9746604515437,105.78086619746155],[20.97467582354771,105.78084315256407],[20.97468670224244,105.78081733872055],[20.974692669564742,105.78078974794444],[20.974693496193176,105.78076144053638],[20.97468915036078,105.78073350433708],[20.974679799075904,105.78070701292175],[20.974665801704067,105.78068298434279],[20.97454830162003,105.78051948429511],[20.974530196053916,105.78049884199466],[20.974508678104538,105.78048237921071],[20.974484574695904,105.78047072859788],[20.9744588121095,105.78046433788079],[20.974432380387675,105.78046345264848],[20.974406295286762,105.78046810691707],[20.97438155924211,105.78047812182287],[20.974359122845158,105.78049311249652],[20.974339848312848,105.78051250285353],[20.974324476353285,105.78053554773321],[20.974313597700984,105.78056136153467],[20.974307630415442,105.78058895224994],[20.974306803815495,105.78061725958587],[20.974311149666836,105.78064519571032],[20.974320500961262,105.78067168705644],[20.97433449833468,105.78069571557883],[20.974451998250636,105.78085921553117]]},{"id":2,"nodes":[[20.9745589,105.7807711],[20.9746644,105.7809193]],"bounds":[[20.9745589,105.7807711],[20.9746644,105.7809193]],"buffer_geometry":[[20.974557122983825,105.78100689093374],[20.974575140143394,105.78102762176884],[20.974596587508454,105.78104418986649],[20.974620640870082,105.78105595852305],[20.974646375872094,105.78106247547376],[20.97467280353341,105.78106349027328],[20.97469890825391,105.78105896392054],[20.97472368684341,105.78104907035798],[20.974746187073723,105.78103418978748],[20.9747655442724,105.78101489405972],[20.974781014551823,105.7809919246985],[20.974792003396526,105.7809661644044],[20.974798088510358,105.78093860313295],[20.9747990360452,105.78091030005098],[20.974794809587724,105.78088234283291],[20.974785571558744,105.78085580586173],[20.97477167697142,105.78083170894053],[20.974666176895695,105.78068350889599],[20.97464815969451,105.78066277808973],[20.974626712292586,105.7806462100411],[20.97460265890283,105.78063444145],[20.97457692388455,105.7806279245749],[20.974550496220658,105.78062690985305],[20.97452439151156,105.78063143627676],[20.974499612946165,105.78064132989536],[20.974477112749955,105.78065621050047],[20.974457755591647,105.78067550623743],[20.97444228535463,105.78069847558173],[20.97443129655015,105.78072423583524],[20.97442521147078,105.78075179704777],[20.974424263962106,105.78078010005996],[20.97442849043626,105.78080805720583],[20.97443772847263,105.78083459411066],[20.974451623059547,105.78085869097828],[20.974557122983825,105.78100689093374]]}]},{"id":1,"highway_name":"Đường Quang Trung","maxSpeed":0,"minSpeed":null,"ways":[{"id":0,"nodes":[[20.9742722,105.7800491],[20.9742154,105.7799715],[20.9740721,105.7797666],[20.9735016,105.7789065],[20.9734072,105.7787889]],"bounds":[[20.9734072,105.7787889],[20.9742722,105.7800491]],"lanes":"4","buffer_geometry":[[20.974322481455708,105.77988362087504],[20.974181090136778,105.7796814501175],[20.973611574635356,105.77882283470213],[20.973603894002707,105.77881232031751],[20.973509493938096,105.7786947202965],[20.9734903721485,105.77867515736666],[20.973468054099534,105.77865996550962],[20.97344339746255,105.77864972853874],[20.973417349779158,105.77864483985287],[20.973390912047716,105.7786454873188],[20.97336510025533,105.77865164605186],[20.973340906334148,105.77866307937276],[20.973319260041986,105.77867934790346],[20.97330099323244,105.77869982645247],[20.97328680788741,105.77872372804075],[20.97327724914053,105.77875013414489],[20.97327268432816,105.77877802999527],[20.97327328887303,105.77880634357273],[20.973279039542884,105.77883398680524],[20.973289715343267,105.77885989738151],[20.973304906010164,105.77888307957457],[20.973395238591145,105.77899561258744],[20.973962124904048,105.77985026486127],[20.97396412938014,105.77985320759073],[20.974107429276614,105.78005810752575],[20.97410923361284,105.78006062922432],[20.974166033572494,105.78013822920308],[20.974184309651438,105.78015869838269],[20.97420596330655,105.78017495576526],[20.974230162401263,105.78018637658772],[20.974255976978952,105.78019252195227],[20.974282415000424,105.78019315569341],[20.97430846046742,105.78018825345391],[20.974333112466777,105.78017800362139],[20.974355423635085,105.780162800089],[20.974374536565424,105.78014322711874],[20.974389716757248,105.78012003688877],[20.974400380843036,105.7800941205876],[20.97440611900695,105.78006647416609],[20.97440671073399,105.78003816006336],[20.974402133284375,105.78001026637737],[20.974392562567363,105.77998386504957],[20.97437836638118,105.7799599706703],[20.974322481455708,105.77988362087504]]},{"id":1,"nodes":[[20.9732666,105.7789025],[20.9733526,105.7790266],[20.9739805,105.7799654],[20.9740944,105.7801184]],"bounds":[[20.9732666,105.7789025],[20.9740944,105.7801184]],"lanes":"4",