{"id":135,"ref":"HCM;QL.9","highways":[{"id":0,"highway_name":"Đường Hồ Chí Minh nhánh Đông","maxSpeed":0,"minSpeed":null,"ways":[{"id":0,"nodes":[[16.8205388,107.0127264],[16.818972,107.0123926]],"bounds":[[16.818972,107.0123926],[16.8205388,107.0127264]],"buffer_geometry":[[16.818998955015363,107.0122545156813],[16.818972650514972,107.01225167528125],[16.818946321017464,107.01225425053919],[16.81892097835047,107.01226214248716],[16.818897596417873,107.01227504784019],[16.818877073773365,107.01229247065154],[16.818860199089613,107.01231374137191],[16.818847620850203,107.01233804257983],[16.818839822428938,107.01236444039475],[16.818837103514166,107.01239192036526],[16.818839568592036,107.0124194264537],[16.818847122931196,107.0124459016187],[16.8188594762232,107.01247032843638],[16.81887615373885,107.0124917681991],[16.818896514571616,107.01250939698924],[16.818919776267165,107.01252253734188],[16.81894504489247,107.01253068427943],[16.82051184466964,107.01286448537343],[16.820538149161617,107.01286732588159],[16.820564478666757,107.01286475068721],[16.820589821356744,107.01285685875138],[16.82061320332564,107.0128439533549],[16.82063372601659,107.01282653044365],[16.820650600753076,107.01280525956992],[16.82066317904737,107.01278095816183],[16.820670977521786,107.0127545601101],[16.82067369648474,107.01272707987891],[16.82067123144778,107.0126995735203],[16.82066367714109,107.01267309809037],[16.82065132387303,107.01264867102697],[16.82063464637364,107.01262723104963],[16.82061428555091,107.01260960208516],[16.820591023860896,107.01259646160436],[16.820565755238185,107.0125883145873],[16.818998955015363,107.0122545156813]]},{"id":1,"nodes":[[16.8084873,107.0068307],[16.8085443,107.0068609],[16.8086794,107.0069159],[16.810146,107.0075131],[16.8105917,107.0076945],[16.8133317,107.0088368],[16.8141105,107.0091886],[16.8143085,107.0093064],[16.8143562,107.0093349],[16.8147434,107.0095654],[16.8149725,107.009723],[16.8154007,107.0100174],[16.8154288,107.0100406],[16.8156323,107.0102084],[16.8157432,107.0103],[16.8161094,107.0106021],[16.8162129,107.0106819],[16.8167936,107.0111294],[16.8168541,107.0111761],[16.8175241,107.0116924],[16.8179734,107.0120156],[16.8185276,107.012272],[16.8188086,107.0123509],[16.818972,107.0123926]],"bounds":[[16.8084873,107.0068307],[16.818972,107.0123926]],"buffer_geometry":[[16.808483280818884,107.00698657793559],[16.808495316752786,107.0069922002016],[16.808630411976775,107.00704719835076],[16.8100970068569,107.00764439728138],[16.810542213174983,107.00782559666264],[16.813279919092857,107.00896694214626],[16.814050169478545,107.00931488062474],[16.814241633763775,107.00942879233261],[16.814289226625252,107.00945722834976],[16.8142894115347,107.00945733862818],[16.814672837849113,107.00968559239702],[16.814898310349776,107.0098406971504],[16.815321648884225,107.01013175501008],[16.815345155951633,107.01015116299465],[16.81554867803183,107.01031898135459],[16.815659534400968,107.01041054538149],[16.81602579742577,107.0107126976199],[16.816029294048874,107.0107154867092],[16.81613279400515,107.01079528673739],[16.8167134775222,107.01124277438767],[16.816773934617167,107.01128944130541],[16.817444022254247,107.01180580929626],[16.817447595344532,107.01180847008085],[16.817896895163226,107.01213167022549],[16.81791877597763,107.01214445510546],[16.81847297581794,107.01240085540826],[16.818492585733928,107.01240809601819],[16.818773585682024,107.01248699620535],[16.818776587666168,107.01248780060372],[16.818939987638576,107.01252950071468],[16.818966168283943,107.01253339460592],[16.818992573040696,107.01253187783992],[16.819018187188714,107.01252500870291],[16.81904202639014,107.01251305117003],[16.819063174517,107.01249646476117],[16.81908081885762,107.01247588688211],[16.81909428134882,107.01245210832944],[16.81910304463369,107.01242604290066],[16.81910677194342,107.01239869227733],[16.819105320039313,107.01237110753073],[16.81909874471733,107.01234434872937],[16.819087298663927,107.01231944420094],[16.819071421745345,107.01229735101394],[16.819051724103694,107.01227891819771],[16.819028962709346,107.01226485411486],[16.819004012270856,107.01225569923909],[16.818842117658587,107.01221438353357],[16.818572687088803,107.01213873222181],[16.81803953543526,107.01189207057494],[16.817602411851723,107.01157762985812],[16.816934221373824,107.0110627246761],[16.816873765295174,107.01101605861517],[16.816292992600516,107.01056850288748],[16.81619127597229,107.01049007795287],[16.81582683395426,107.0101894284321],[16.81571596549104,107.01009785454517],[16.81551241110724,107.00993000975963],[16.815484343976898,107.00990683691394],[16.815474860937428,107.00989968279131],[16.81504667517782,107.00960529284784],[16.814817589493636,107.00944770283805],[16.814810188529243,107.00944296111672],[16.814423080889302,107.00921251634847],[16.814375473285587,107.00918407158454],[16.814375258930166,107.00918394378243],[16.81417725886045,107.00906614386885],[16.814164040235582,107.00905925200847],[16.813385240015673,107.0087074524404],[16.813381700733878,107.0087059156561],[16.810641700011402,107.00756361724615],[16.810640671811512,107.00756319369196],[16.810194982378455,107.00738179830131],[16.808728392680912,107.0067846035119],[16.8085994327974,107.00673210327626],[16.808548319086448,107.00670502201159],[16.80852367557747,107.0066950013647],[16.808497634176867,107.00669019554324],[16.808471195641417,107.00669078923012],[16.808445375989162,107.00669675960808],[16.808421167454416,107.0067078772368],[16.808399500356806,107.00672371487057],[16.808381207349736,107.00674366387723],[16.808366991422155,107.00676695762772],[16.808357398883214,107.00679270095723],[16.808352798368087,107.00681990456569],[16.80835336667162,107.00684752303576],[16.808359081954283,107.00687449500737],[16.80836972458141,107.00689978396476],[16.808384885563598,107.006922418069],[16.8084039822738,107.00694152750492],[16.808426280837228,107.00695637790753],[16.808483280818884,107.00698657793559]]},{"id":2,"nodes":[[16.8219399,107.0130859],[16.8207259,107.0127744],[16.8205388,107.0127264]],"bounds":[[16.8205388,107.0127264],[16.8219399,107.0130859]],"buffer_geometry":[[16.820758075971625,107.0126375398623],[16.820570971146413,107.01258953875941],[16.820544795034593,107.01258561171201],[16.82051838853876,107.01258709508006],[16.820492766445618,107.01259393185634],[16.820468913397324,107.01260585930547],[16.82044774605233,107.0126224190608],[16.820430077858795,107.01264297473963],[16.820416587794437,107.01266673639898],[16.820407794273926,107.01269279089269],[16.820404035226655,107.0127201369629],[16.820405455110404,107.01274772371761],[16.820411999359948,107.0127744910155],[16.820423416483962,107.01279941020631],[16.820439267729604,107.01282152366089],[16.82045894394341,107.01283998157221],[16.820481688980585,107.01285407461287],[16.820506628763034,107.01286326119413],[16.820693726334536,107.0129112607062],[16.82190772373171,107.01322276091504],[16.821933899693864,107.01322668907929],[16.821960306246222,107.01322520679868],[16.821985928599663,107.01321837103421],[16.82200978210101,107.01320644447853],[16.82203095007274,107.01318988546107],[16.82204861904056,107.01316933033499],[16.82206210999488,107.01314556902247],[16.822070904484963,107.01311951465851],[16.822074664542814,107.01309216849941],[16.822073245671216,107.0130645814449],[16.82206670239672,107.0130378136522],[16.82205528617422,107.01301289379455],[16.822039435723557,107.0129907795295],[16.822019760169695,107.01297232069646],[16.821997015634196,107.01295822665782],[16.821972076177733,107.01294903903849],[16.820758075971625,107.0126375398623]]},{"id":3,"nodes":[[16.8080414,107.0066635],[16.8082475,107.0067456],[16.8084873,107.0068307]],"bounds":[[16.8080414,107.0066635],[16.8084873,107.0068307]],