{"id":113,"ref":"QL.7","hData":{"trunks-QL.7-0":{"id":"trunks-QL.7-0","name":"Cầu Mường Xén","highway_id":0,"way_id":0,"key":"0-0","nodes":[[19.4048479,104.1417968],[19.4042648,104.1413757]],"bounds":[[19.404129907305318,104.14123268368154],[19.404129907305318,104.14193981682592],[19.404982792691737,104.14193981682592],[19.404982792691737,104.14123268368154]],"buffer_geometry":[[19.40434074218359,104.14125749453906],[19.404317532132453,104.14124405800557],[19.40429229561618,104.14123568040495],[19.404266002460638,104.14123268368154],[19.40423966309731,104.14123518299516],[19.404214289732952,104.141243082296],[19.404190857451038,104.14125607801614],[19.404170266740014,104.14127367073587],[19.404153308888134,104.14129518437623],[19.404140635574922,104.14131979218058],[19.404132733827648,104.14134654848624],[19.404129907305318,104.14137442506551],[19.404132264629343,104.14140235063968],[19.404139715209297,104.14142925204719],[19.40415197272424,104.14145409548425],[19.404168566125772,104.141475926233],[19.40418885774,104.14149390535056],[19.40477195746775,104.1419150055777],[19.404795167469583,104.14192844224448],[19.404820403954115,104.14193681997848],[19.404846697098122,104.14193981682592],[19.404873036471074,104.14193731761708],[19.404898409865428,104.14192941839254],[19.404921842195197,104.14191642271284],[19.40494243296807,104.14189882999321],[19.404959390890973,104.14187731631141],[19.40497206427922,104.14185270842661],[19.404979966100566,104.1418259520075],[19.404982792691737,104.1417980752904],[19.404980435428154,104.14177014956445],[19.40497298489836,104.1417432480023],[19.4049607274227,104.14171840441804],[19.40494413405012,104.14169657353825],[19.404923842455826,104.14167859431191],[19.40434074218359,104.14125749453906]]}},"keyData":{"19.40_104.14__19.41_104.15":["trunks-QL.7-0"]},"highways":[{"id":0,"highway_name":"Cầu Mường Xén","ways":[{"id":0,"nodes":[[19.4048479,104.1417968],[19.4042648,104.1413757]],"bounds":[[19.4042648,104.1413757],[19.4048479,104.1417968]],"buffer_geometry":[[19.40434074218359,104.14125749453906],[19.404317532132453,104.14124405800557],[19.40429229561618,104.14123568040495],[19.404266002460638,104.14123268368154],[19.40423966309731,104.14123518299516],[19.404214289732952,104.141243082296],[19.404190857451038,104.14125607801614],[19.404170266740014,104.14127367073587],[19.404153308888134,104.14129518437623],[19.404140635574922,104.14131979218058],[19.404132733827648,104.14134654848624],[19.404129907305318,104.14137442506551],[19.404132264629343,104.14140235063968],[19.404139715209297,104.14142925204719],[19.40415197272424,104.14145409548425],[19.404168566125772,104.141475926233],[19.40418885774,104.14149390535056],[19.40477195746775,104.1419150055777],[19.404795167469583,104.14192844224448],[19.404820403954115,104.14193681997848],[19.404846697098122,104.14193981682592],[19.404873036471074,104.14193731761708],[19.404898409865428,104.14192941839254],[19.404921842195197,104.14191642271284],[19.40494243296807,104.14189882999321],[19.404959390890973,104.14187731631141],[19.40497206427922,104.14185270842661],[19.404979966100566,104.1418259520075],[19.404982792691737,104.1417980752904],[19.404980435428154,104.14177014956445],[19.40497298489836,104.1417432480023],[19.4049607274227,104.14171840441804],[19.40494413405012,104.14169657353825],[19.404923842455826,104.14167859431191],[19.40434074218359,104.14125749453906]]}]}]}