{"id":140,"ref":"QL 13","highways":[{"id":0,"highway_name":"Đại lộ Bình Dương","maxSpeed":0,"minSpeed":null,"ways":[{"id":0,"nodes":[[10.9930915,106.6557609],[10.9931013,106.6557436],[10.9932323,106.6555128]],"bounds":[[10.9930915,106.6555128],[10.9932323,106.6557609]],"lanes":"3","buffer_geometry":[[10.993218110887149,106.65581233502698],[10.993349082115962,106.65558158574748],[10.993360011362707,106.65555705508805],[10.993366032731421,106.65553082372823],[10.993366914823975,106.65550389972572],[10.993362623742005,106.65547731775621],[10.9933533243896,106.65545209935122],[10.993339374136113,106.65542921364094],[10.993321309082575,106.65540954011104],[10.993299823459541,106.65539383480429],[10.993275742948109,106.6553827012664],[10.993249992949343,106.65537656735208],[10.993223563021559,106.65537566878294],[10.993197468852104,106.6553800400891],[10.99317271322506,106.6553895132824],[10.993150247484838,106.65540372431228],[10.993130934976618,106.65542212705623],[10.993115517868583,106.655444014307],[10.992984517920448,106.65567481424614],[10.992974660320833,106.65569221582923],[10.99296375162519,106.65571675594757],[10.992957752225964,106.65574299249491],[10.9929568926764,106.65576991721672],[10.992961206008461,106.65579649541239],[10.99297052646343,106.65582170569813],[10.99298449586191,106.65584457925783],[10.993002577368362,106.65586423707403],[10.993024076121314,106.65587992370799],[10.993048165936399,106.65589103633067],[10.993073921056048,106.65589714788933],[10.993100351725756,106.65589802351894],[10.993126442229755,106.65589362956815],[10.993151189924388,106.65588413489272],[10.993173643769177,106.6558699043666],[10.993192940874843,106.65585148486036],[10.993208339663756,106.6558295842252],[10.993218110887149,106.65581233502698]]}]}]}