{"id":95,"ref":"QL.53;QL.60","highways":[{"id":0,"highway_name":"Võ Nguyên Giáp","maxSpeed":0,"minSpeed":null,"ways":[{"id":0,"nodes":[[9.9248597,106.3019008],[9.924688,106.302359],[9.9243173,106.3033179],[9.9233122,106.3056532],[9.9229091,106.3065119],[9.9226765,106.3069789],[9.9225253,106.3071868],[9.9222617,106.3075496],[9.9221659,106.3076628],[9.9219917,106.3078554],[9.9217136,106.3081039],[9.9215113,106.308252],[9.9213091,106.3083874],[9.9204902,106.3089148],[9.9196985,106.309401],[9.9195849,106.3094738],[9.9193157,106.3096523],[9.9186347,106.3100777],[9.9178511,106.3105746],[9.9175102,106.3107907],[9.9160923,106.3116821]],"bounds":[[9.9160923,106.3019008],[9.9248597,106.3116821]],"lanes":"2","buffer_geometry":[[9.924562168354633,106.30230963638675],[9.924192661557699,106.30326544995985],[9.923189471944653,106.30559631143458],[9.922788003150698,106.30645153664308],[9.922561236297945,106.30690682526904],[9.922416776031588,106.3071054581633],[9.922156113458056,106.30746421534806],[9.922065029528406,106.30757184272923],[9.921897186705378,106.30775741412137],[9.921629386099685,106.30799671104245],[9.92143467631443,106.30813925445429],[9.921235823047061,106.308272413437],[9.92041914804717,106.30879838074844],[9.919628676810937,106.30928382641876],[9.91962649098306,106.30928519781645],[9.91951289100803,106.30935799784062],[9.919511131102103,106.30935914513321],[9.919243454710518,106.30953663496004],[9.918564004694042,106.30996106697197],[9.918563233091652,106.30996155260902],[9.917779641845236,106.31045844733598],[9.91743896305144,106.31067440723204],[9.916021276398773,106.31156567360875],[9.916000266754594,106.31158197686015],[9.915982793896,106.31160212778447],[9.915969529294532,106.31162535199313],[9.915960982700854,106.31165075699346],[9.915957482555394,106.31167736648652],[9.915959163366614,106.31170415788561],[9.915965960541955,106.31173010161358],[9.915977612870092,106.31175420066855],[9.915993672559077,106.31177552893813],[9.916013522444665,106.31179326678921],[9.916036399707489,106.31180673256597],[9.91606142518771,106.31181540878552],[9.916087637170536,106.31181896202466],[9.916114028344323,106.31181725573315],[9.91613958451099,106.3118103554816],[9.916163323561074,106.3117985264417],[9.91758122386839,106.31090712675237],[9.917581649456993,106.31090685808209],[9.917922549531328,106.31069075815584],[9.9187057818719,106.31019409157794],[9.919386395412598,106.30976893322904],[9.919389468798347,106.3097669548644],[9.919657793286307,106.30958903548974],[9.919769422496174,106.30951749850038],[9.920560023317117,106.30903197381076],[9.920562464409258,106.309030438415],[9.921381364589891,106.30850303858774],[9.921383377663654,106.30850171647914],[9.921585577709498,106.30836631651901],[9.921590203103785,106.30836307685404],[9.921792503152512,106.30821497688697],[9.92180272872273,106.30820669728331],[9.922080828798393,106.30795819730297],[9.922091064757508,106.30794802200764],[9.922265264810353,106.30775542199848],[9.922268221157859,106.307752043127],[9.922364021187786,106.30763884311774],[9.922370260891645,106.30763089100432],[9.922633842469706,106.3072681164244],[9.922785023998903,106.30706024185928],[9.922796883791444,106.30704069497268],[9.923029483876924,106.30657369484493],[9.923030876578318,106.30657081539803],[9.923433976728168,106.30571211515127],[9.923435813423627,106.3057080314995],[9.92444091380288,106.30337273078631],[9.924442873382967,106.30336793163377],[9.92481357352504,106.3024090313227],[9.924814082848224,106.30240769327155],[9.924985782914295,106.30194949312066],[9.924992717657846,106.30192358622581],[9.924994540605372,106.30189680366801],[9.924991181701944,106.30187017468721],[9.92498277002849,106.30184472262141],[9.924969628841275,106.3018214255802],[9.924952263149287,106.30180117885646],[9.924931340306939,106.30178476052063],[9.92490766436793,106.30177280151979],[9.924882145185808,106.3017657614309],[9.92485576344874,106.30176391079954],[9.924829532992176,106.30176732074318],[9.924804461837692,106.30177586021843],[9.924781513455324,106.301789201057],[9.924761569738008,106.30180683057735],[9.924745397110998,106.30182807128669],[9.92473361707869,106.30185210691683],[9.924562168354633,106.30230963638675]]},{"id":1,"nodes":[[9.9160923,106.3116821],[9.9154825,106.3121053],[9.9154503,106.3121256],[9.9152126,106.3122483],[9.9151363,106.3122876],[9.9149257,106.3123721],[9.9147108,106.3124737],[9.9145224,106.3125698],[9.9141632,106.312777]],"bounds":[[9.9141632,106.3116821],[9.9160923,106.312777]],"lanes":"2","buffer_geometry":[[9.915408815391263,106.31199055129106],[9.91538402412803,106.31200618057466],[9.915151509684272,106.31212620389114],[9.915080868758736,106.3121625890869],[9.914876115135947,106.31224474339623],[9.914868748911445,106.31224795911658],[9.914653848948783,106.3123495591803],[9.91465023393851,106.31235133522564],[9.91446183397332,106.31244743527822],[9.91445575537662,106.31245073598923],[9.914096555449651,106.31265793607757],[9.914074954658808,106.31267342266472],[9.914056745086631,106.31269288966759],[9.914042626516155,106.31271558898025],[9.914033141515567,106.3127406482814],[9.914028654587709,106.31276710455707],[9.914029338162493,106.31279394110861],[9.914035165970557,106.31282012662362],[9.914045914052771,106.31284465480859],[9.914061169366821,106.31286658305994],[9.914080345660121,106.31288506868773],[9.914102705999097,106.31289940129957],[9.91412739108901,106.31290903010068],[9.914153452296116,106.3129135850607],[9.914179888103043,106.3129128911339],[9.914205682596526,106.31290697498625],[9.914229844508386,106.31289606397084],[9.914586046833831,106.31269059327326],[9.914769571534238,106.31259698015818],[9.914979015022764,106.3124979599569],[9.915185884847897,106.31241495671136],[9.91519733730577,106.31240972340716],[9.915273637319975,106.31237042342825],[9.915511443243888,106.3122476688988],[9.915521467353493,106.3122419356891],[9.915553667360484,106.31222163569612],[9.915558630709775,106.31221835114893],[9.916168430851412,106.31179515126097],[9.916188693742514,106.31177790137419],[9.916205252275581,106.31175696989114],[9.916217470114875,106.31173316119721],[9.916224877735175,106.3117073902479],[9.916227190465458,106.31168064740739],[9.91622431942869,106.31165396038924],[9.916216374957331,106.31162835476185],[9.91620366235332,106.31160481453614],[9.916186670155417,106.31158424435047],[9.916166051364865,106.31156743470572],[9.916142598350824,106.31155503158688],[9.916117212399973,106.31154751163808],[9.916090869080502,106.31154516384575],[9.916064580751515,106.31154807843293],[9.916039357658608,106.31155614339251],[9.916016169110755,106.31156904879155],[9.915408815391263,106.31199055129106]]},{"id":2,"nodes":[[9.9150063,106.3135061],[9.9151336,106.313324],[9.9152089,106.3131495],[9.9152951,106.3129524],[9.9154869,106.3125475],[9.9156599,106.3122822],[9.9160923,106.3116821]],"bounds":[[9.9150063,106.3116821],[9.9160923,106.3135061]],"lanes":"2",