{"id":4,"ref":"38","hData":{"trunks-38-0":{"id":"trunks-38-0","name":"Đường Chu Mạnh Trinh","highway_id":0,"way_id":0,"key":"0-0","nodes":[[20.658961,106.0478128],[20.6589626,106.0475902],[20.6589453,106.0472962],[20.6588302,106.0454001]],"bounds":[[20.65869558498205,106.04525623409253],[20.65869558498205,106.04795696427212],[20.659097494075326,106.04795696427212],[20.659097494075326,106.04525623409253]],"buffer_geometry":[[20.659097494075326,106.04759130733466],[20.659097232101622,106.04758115161559],[20.659079932086296,106.04728715135614],[20.659079915119417,106.04728686749218],[20.65896481501745,106.04539076581953],[20.658960524512008,106.04536287830155],[20.658951225704556,106.0453364211962],[20.658937275943913,106.04531241123735],[20.658919211312764,106.04529177111549],[20.658897726026073,106.04527529401913],[20.658873645752617,106.04526361315294],[20.6588478958848,106.04525717740418],[20.658821465976196,106.04525623409253],[20.65879537171346,106.04526081946607],[20.65877061588404,106.04527075730878],[20.658748149839717,106.04528566571281],[20.658728836936767,106.04530497175529],[20.658713419357902,106.04532793351565],[20.65870248959078,106.04535366858721],[20.6586964676592,106.0453811879875],[20.65869558498205,106.04540943416391],[20.658810676265634,106.04730539056852],[20.658827669393897,106.0475941754534],[20.65882610592609,106.04781169246974],[20.658828495701034,106.04783983878053],[20.65883597753755,106.04786694600884],[20.658848263913598,106.04789197244148],[20.65886488267172,106.04791395632826],[20.658885195163652,106.04793205284138],[20.658908420793047,106.04794556654144],[20.65893366701309,106.047953978103],[20.658959963626483,106.04795696427212],[20.65898630006938,106.04795441028922],[20.659011664246815,106.04794641429966],[20.65903508142695,106.04793328358241],[20.6590556516996,106.04791552274196],[20.659072584559414,106.04789381431688],[20.659085229284784,106.04786899255025],[20.659093099944883,106.04784201133022],[20.659095894073904,106.04781390753224],[20.659097494075326,106.04759130733466]]}},"keyData":{"20.65_106.04__20.66_106.05":["trunks-38-0"]},"highways":[{"id":0,"highway_name":"Đường Chu Mạnh Trinh","ways":[{"id":0,"nodes":[[20.658961,106.0478128],[20.6589626,106.0475902],[20.6589453,106.0472962],[20.6588302,106.0454001]],"bounds":[[20.6588302,106.0454001],[20.6589626,106.0478128]],"buffer_geometry":[[20.659097494075326,106.04759130733466],[20.659097232101622,106.04758115161559],[20.659079932086296,106.04728715135614],[20.659079915119417,106.04728686749218],[20.65896481501745,106.04539076581953],[20.658960524512008,106.04536287830155],[20.658951225704556,106.0453364211962],[20.658937275943913,106.04531241123735],[20.658919211312764,106.04529177111549],[20.658897726026073,106.04527529401913],[20.658873645752617,106.04526361315294],[20.6588478958848,106.04525717740418],[20.658821465976196,106.04525623409253],[20.65879537171346,106.04526081946607],[20.65877061588404,106.04527075730878],[20.658748149839717,106.04528566571281],[20.658728836936767,106.04530497175529],[20.658713419357902,106.04532793351565],[20.65870248959078,106.04535366858721],[20.6586964676592,106.0453811879875],[20.65869558498205,106.04540943416391],[20.658810676265634,106.04730539056852],[20.658827669393897,106.0475941754534],[20.65882610592609,106.04781169246974],[20.658828495701034,106.04783983878053],[20.65883597753755,106.04786694600884],[20.658848263913598,106.04789197244148],[20.65886488267172,106.04791395632826],[20.658885195163652,106.04793205284138],[20.658908420793047,106.04794556654144],[20.65893366701309,106.047953978103],[20.658959963626483,106.04795696427212],[20.65898630006938,106.04795441028922],[20.659011664246815,106.04794641429966],[20.65903508142695,106.04793328358241],[20.6590556516996,106.04791552274196],[20.659072584559414,106.04789381431688],[20.659085229284784,106.04786899255025],[20.659093099944883,106.04784201133022],[20.659095894073904,106.04781390753224],[20.659097494075326,106.04759130733466]]}]}]}