{
  "id": 96,
  "ref": "QL.8B",
  "hData": {
    "trunks-QL.8B-0": {
      "id": "trunks-QL.8B-0",
      "name": "Quốc lộ 4B",
      "highway_id": 0,
      "way_id": 0,
      "key": "0-0",
      "nodes": [
        [
          18.6372361,
          105.7104448
        ],
        [
          18.6373334,
          105.7105344
        ],
        [
          18.6373769,
          105.7106075
        ],
        [
          18.6374066,
          105.7106765
        ]
      ],
      "bounds": [
        [
          18.63710151319788,
          105.7103027650219
        ],
        [
          18.63710151319788,
          105.71081878283374
        ],
        [
          18.63754142151394,
          105.71081878283374
        ],
        [
          18.63754142151394,
          105.7103027650219
        ]
      ],
      "maxSpeed": 0,
      "minSpeed": 0,
      "lanes": 0,
      "buffer_geometry": [
        [
          18.637229732217996,
          105.71062787696144
        ],
        [
          18.637257833998852,
          105.71067510088979
        ],
        [
          18.637283779921688,
          105.71073537930994
        ],
        [
          18.637297024289943,
          105.7107595350098
        ],
        [
          18.637314479589286,
          105.7107804997269
        ],
        [
          18.637335475023523,
          105.71079746779921
        ],
        [
          18.637359203751043,
          105.71080978715263
        ],
        [
          18.637384753891098,
          105.71081698435974
        ],
        [
          18.637411143566723,
          105.71081878283374
        ],
        [
          18.63743735863764,
          105.71081511345781
        ],
        [
          18.63746239167307,
          105.71080611724157
        ],
        [
          18.63748528066676,
          105.7107921399026
        ],
        [
          18.637505146006493,
          105.71077371858091
        ],
        [
          18.637521224277236,
          105.71075156119727
        ],
        [
          18.637532897598902,
          105.71072651924813
        ],
        [
          18.637539717371343,
          105.71069955508312
        ],
        [
          18.63754142151394,
          105.71067170492215
        ],
        [
          18.637537944537296,
          105.71064403903374
        ],
        [
          18.637529420059977,
          105.71061762060494
        ],
        [
          18.637499720038516,
          105.71054862056533
        ],
        [
          18.637491138623616,
          105.71053178683921
        ],
        [
          18.637447638594363,
          105.71045868680946
        ],
        [
          18.637422091232335,
          105.7104271316088
        ],
        [
          18.637324791181538,
          105.71033753162345
        ],
        [
          18.637303257376896,
          105.71032133240814
        ],
        [
          18.63727914275243,
          105.71030987798869
        ],
        [
          18.637253374020524,
          105.71030360855036
        ],
        [
          18.637226941459616,
          105.7103027650219
        ],
        [
          18.637200860858268,
          105.71030737981711
        ],
        [
          18.637176134478977,
          105.71031727558965
        ],
        [
          18.637153712541846,
          105.71033207204864
        ],
        [
          18.63713445670827,
          105.71035120057337
        ],
        [
          18.637119106967955,
          105.71037392606517
        ],
        [
          18.637108253201678,
          105.71039937519701
        ],
        [
          18.637102312512713,
          105.71042656997466
        ],
        [
          18.63710151319788,
          105.71045446532032
        ],
        [
          18.637105885974318,
          105.71048198923403
        ],
        [
          18.637115262799085,
          105.71050808398955
        ],
        [
          18.637129283326843,
          105.710531746782
        ],
        [
          18.63714740875764,
          105.71055206826456
        ],
        [
          18.637229732217996,
          105.71062787696144
        ]
      ]
    },
    "trunks-QL.8B-1": {
      "id": "trunks-QL.8B-1",
      "name": "Quốc lộ 4B",
      "highway_id": 0,
      "way_id": 1,
      "key": "0-1",
      "nodes": [
        [
          18.6374955,
          105.7110332
        ],
        [
          18.6375989,
          105.7108589
        ],
        [
          18.6376741,
          105.7107912
        ],
        [
          18.6377493,
          105.7107655
        ],
        [
          18.6378069,
          105.7107608
        ],
        [
          18.6379137,
          105.7107757
        ]
      ],
      "bounds": [
        [
          18.637360661381294,
          105.71061885970056
        ],
        [
          18.637360661381294,
          105.711175500959
        ],
        [
          18.63804831392744,
          105.711175500959
        ],
        [
          18.63804831392744,
          105.71061885970056
        ]
      ],
      "maxSpeed": 0,
      "minSpeed": 0,
      "lanes": 0,