{"id":102,"ref":"HCM;QL.217","highways":[{"id":0,"highway_name":"Đường Hồ Chí Minh","maxSpeed":0,"minSpeed":null,"ways":[{"id":0,"nodes":[[20.2125535,105.4803616],[20.2122649,105.4798869],[20.2120976,105.4796117],[20.2120322,105.4795042],[20.2117317,105.4790099],[20.2113452,105.4783742],[20.2110836,105.4779815],[20.2108081,105.4775986],[20.2107811,105.4775701],[20.2105333,105.4773076],[20.2102869,105.4770927],[20.2100266,105.4768975],[20.209565,105.4765926],[20.2091913,105.4764755],[20.2090894,105.4764336],[20.2087954,105.4762718],[20.2087735,105.4762598],[20.2083998,105.4761747],[20.2078956,105.4761119]],"bounds":[[20.2078956,105.4761119],[20.2125535,105.4803616]],"buffer_geometry":[[20.21237811615614,105.47980874121527],[20.21221081728176,105.47953354315086],[20.212145404784934,105.47942602262728],[20.211844916808005,105.47893174255529],[20.211458413504232,105.47829603731523],[20.21145520054937,105.47829099070826],[20.21119360036447,105.47789829057055],[20.211190653367876,105.47789403480306],[20.210915153178377,105.47751113469451],[20.210903034014255,105.47749647331325],[20.210876119400055,105.47746806346034],[20.21062840449999,105.47720565377107],[20.21061874000318,105.47719635981198],[20.210372339867916,105.47698145987013],[20.21036453518123,105.47697514320102],[20.210104235051393,105.47677994330027],[20.21009767180907,105.47677532045289],[20.209636071598293,105.47647042067602],[20.20960305703369,105.47645469118136],[20.209234683584416,105.47633926059407],[20.20914479520183,105.4763022996973],[20.20885730132261,105.47614408052011],[20.208857088486536,105.47614396364315],[20.208835188477856,105.47613196365636],[20.20880169172593,105.47611922699532],[20.20842799165825,105.47603412731742],[20.208415461134564,105.47603192524856],[20.207911261083844,105.47596912570474],[20.20788482081217,105.47596861335377],[20.207858794780797,105.47597360742716],[20.207834183155068,105.47598391600283],[20.207811931745077,105.475999142926],[20.20779289565883,105.47601870303338],[20.20777780644117,105.47604184464093],[20.207767243961055,105.47606767843061],[20.207761614127705,105.47609521162626],[20.207761133291932,105.47612338614509],[20.20776581993193,105.47615111925896],[20.207775493943206,105.47617734520242],[20.20778978355982,105.4762010561292],[20.207808139640992,105.47622134084283],[20.207829856774126,105.47623741981326],[20.20785410038318,105.47624867513368],[20.207879938800815,105.47625467426656],[20.20837782479828,105.47631668828802],[20.208727765042475,105.47639637796067],[20.20873360495437,105.47639957791758],[20.20902749846817,105.4765613195552],[20.209040836438586,105.47656770933786],[20.20914273640679,105.4766096094126],[20.209153242950066,105.47661340844873],[20.209509437264938,105.47672502329303],[20.209952183208657,105.47701747002452],[20.210205254664565,105.47720724950064],[20.21044281701981,105.477414441836],[20.21068599528978,105.47767204610626],[20.2106861659432,105.47767222656182],[20.210706637757603,105.47769383571134],[20.21097503635096,105.47806686608496],[20.211233542696764,105.47845492219304],[20.211618484668698,105.47908805981689],[20.211918982938837,105.47958235712231],[20.211984395029063,105.47968987704293],[20.212151682561974,105.47996505661924],[20.212440284846764,105.48043976052239],[20.212456769570057,105.48046179530854],[20.21247697158832,105.48047997965229],[20.212500114550572,105.48049361473899],[20.212525309086878,105.48050217657847],[20.212551586986077,105.48050533614177],[20.21257793840353,105.48050297200595],[20.212603350668825,105.4804951750207],[20.212626847202166,105.48048224481745],[20.212647525043902,105.48046467829505],[20.2126645895549,105.48044315052448],[20.212677384954294,105.48041848880638],[20.212685419520962,105.4803916408782],[20.212688384490264,105.48036363849299],[20.212686165919795,105.48033555776946],[20.212678849068197,105.48030847783677],[20.21266671511866,105.48028343936389],[20.21237811615614,105.47980874121527]]},{"id":1,"nodes":[[20.215296,105.4849055],[20.2148247,105.484235],[20.2147236,105.4839523],[20.2143694,105.4833905]],"bounds":[[20.2143694,105.4833905],[20.215296,105.4849055]],"buffer_geometry":[[20.214944014466802,105.48416496088585],[20.214849654463922,105.48390110762627],[20.214835573157636,105.48387213235854],[20.21448137290274,105.48331033213675],[20.214464544721974,105.48328859388491],[20.21444406018178,105.48327077183501],[20.21442070649284,105.48325755087788],[20.2143953811254,105.48324943908594],[20.214369057319832,105.48324674818852],[20.214342746685478,105.48324958159255],[20.214317460325,105.4832578304092],[20.214294169978313,105.48327117763878],[20.21427377067931,105.48328911035323],[20.21425704636033,105.48331093940784],[20.2142446397263,105.48333582592487],[20.214237027556134,105.48336281353095],[20.214234502380542,105.48339086510981],[20.21423716124037,105.48341890265776],[20.21424490195738,105.48344584871025],[20.21425742706088,105.48347066774787],[20.21460303314418,105.48401883696883],[20.21469864543934,105.48428619209506],[20.214716732380044,105.4843211816712],[20.215188032053018,105.484991681467],[20.215205884118454,105.48501247167394],[20.21522719928592,105.48502915102652],[20.21525115842671,105.48504107854569],[20.215276840805487,105.48504779586185],[20.21530325946343,105.48504904482982],[20.21532939914645,105.48504477744973],[20.215354255320793,105.48503515771193],[20.215376872776798,105.48502055529548],[20.215396382337158,105.48500153136173],[20.215412034259113,105.48497881698954],[20.21542322704684,105.48495328508035],[20.215429530566794,105.48492591681287],[20.21543070257763,105.48489776393673],[20.215426698039522,105.48486990835391],[20.215417670845007,105.48484342054151],[20.215403967904944,105.48481931841341],[20.214944014466802,105.48416496088585]]}]}]}