{"id":153,"ref":"ĐT.910B","highways":[{"id":0,"highway_name":"Đường tỉnh 910B","maxSpeed":0,"minSpeed":null,"ways":[{"id":0,"nodes":[[10.0745023,105.8321732],[10.074706,105.8319436]],"bounds":[[10.0745023,105.8319436],[10.074706,105.8321732]],"lanes":"2","buffer_geometry":[[10.074806214660573,105.83203531654567],[10.074821906172703,105.83201369713584],[10.074833143474311,105.83198938392951],[10.074839494721711,105.8319633112704],[10.074840715839743,105.8319364811173],[10.074836759901464,105.83190992453919],[10.074827778931548,105.83188466209172],[10.074814118064033,105.83186166459754],[10.074796302278953,105.83184181583805],[10.074775016227559,105.83182587859008],[10.074751077921466,105.83181446531272],[10.074725407296839,105.83180801461106],[10.074698990861672,105.83180677438077],[10.074672843784816,105.83181079228194],[10.074647970883586,105.83181991390771],[10.074625328009224,105.83183378871809],[10.074605785314143,105.83185188351133],[10.074402085377445,105.83208148349793],[10.074386393860912,105.83210310287632],[10.074375156550992,105.832127416045],[10.074368805290726,105.83215348866334],[10.074367584155194,105.83218031877637],[10.074371540071889,105.83220687531914],[10.074380521017336,105.83223213773985],[10.07439418185924,105.8322551352188],[10.07441199761966,105.83227498397638],[10.074433283649538,105.83229092123605],[10.074457221939282,105.83230233453752],[10.074482892554325,105.83230878527318],[10.07450930898762,105.83231002554376],[10.074535456070505,105.83230600768509],[10.074560328985065,105.83229688610001],[10.07458297187874,105.83228301132493],[10.074602514597272,105.8322649165591],[10.074806214660573,105.83203531654567]]}]}]}