{"id":154,"ref":"QL.21;QL.37B","highways":[{"id":0,"highway_name":"Đường Trần Hưng Đạo","maxSpeed":0,"minSpeed":null,"ways":[{"id":0,"nodes":[[20.4905987,106.0061574],[20.4907374,106.0057379],[20.4909004,106.0052319],[20.4910733,106.004692],[20.4912904,106.0040243],[20.4913617,106.0037829],[20.4921304,106.0011814],[20.4921624,106.001073],[20.4927769,105.9989935],[20.4929326,105.9986549],[20.4934578,105.9976165],[20.493585,105.9972085]],"bounds":[[20.4905987,105.9972085],[20.493585,106.0061574]],"lanes":"2","buffer_geometry":[[20.490864606700544,106.00578583195669],[20.490864965595733,106.00578473232368],[20.491027965731377,106.00527873195246],[20.491028044565834,106.00527848650695],[20.491200842560936,106.00473890508339],[20.491417839194856,106.0040715230546],[20.4914190540502,106.00406760646365],[20.491490351495983,106.00382621513161],[20.492259049525945,106.00122472201583],[20.49229105416322,106.00111630633279],[20.492902483537176,105.99904719791257],[20.49305254197223,105.99872086663551],[20.493576500223007,105.99768492197288],[20.493585794830345,105.99766197884436],[20.493712994936526,105.99725397854142],[20.493718846447653,105.99722644695896],[20.49371955431044,105.99719822568315],[20.493715091322052,105.99717039924461],[20.49370562899308,105.9971440370004],[20.49369153095638,105.99712015203889],[20.493673338992796,105.99709966224697],[20.4936517522106,105.997083355036],[20.49362760017897,105.99707185708202],[20.493601811047917,105.99706561024306],[20.49357537587985,105.99706485457911],[20.49354931056353,105.9970696191271],[20.493524616774,105.99707972078546],[20.49350224347887,105.99709477135107],[20.49348305047012,105.99711419243786],[20.49346777532302,105.99713723770427],[20.493457005051646,105.9971630215345],[20.49333351634495,105.9975591174756],[20.49281390015683,105.99858647756344],[20.492811505918155,105.99859143890887],[20.49265580604113,105.99893003870585],[20.492648251384935,105.99895017475532],[20.492033751900568,106.00102967318394],[20.492001745121506,106.0011380961356],[20.49123305110838,106.00373957609108],[20.49116232708652,106.00397902602676],[20.490945860972854,106.0046447765358],[20.490945655277777,106.00464541396758],[20.490772794735346,106.00518519081014],[20.49061001175673,106.00569051716404],[20.490471493401408,106.00610946781819],[20.490465178181477,106.00613688179693],[20.490463994125772,106.00616508427669],[20.49046798673677,106.00619299145475],[20.490477002581073,106.00621953087665],[20.490490695185667,106.00624368264938],[20.490508538352614,106.00626451863523],[20.49052984638033,106.00628123811916],[20.490553800414506,106.00629319857995],[20.490579479916065,106.00629994038201],[20.490605898036776,106.00630120443914],[20.490632039543183,106.00629694217156],[20.490656899831464,106.00628731737312],[20.490679523533842,106.00627269991729],[20.490699041232954,106.00625365154339],[20.490714702873262,106.00623090426949],[20.490725906585443,106.00620533226137],[20.490864606700544,106.00578583195669]]}]}]}