{"id":2,"ref":"20","hData":{"trunks-20-0":{"id":"trunks-20-0","name":"Trần Phú","highway_id":0,"way_id":0,"key":"0-0","nodes":[[11.5430235,107.8102948],[11.5428649,107.8104876]],"bounds":[[11.542730511858434,107.81015763772716],[11.542730511858434,107.8106247622148],[11.543157888133189,107.8106247622148],[11.543157888133189,107.81015763772716]],"buffer_geometry":[[11.542761587310963,107.8103990686535],[11.542746650139339,107.81042134110753],[11.542736257241927,107.81044615985046],[11.542730808011433,107.81047257111295],[11.542730511858434,107.81049955992631],[11.542735380163906,107.81052608912707],[11.54274522584187,107.81055113921427],[11.54275967052893,107.8105737475282],[11.542778159124527,107.8105930452446],[11.542799981123018,107.8106082907631],[11.542824297917914,107.81061889820644],[11.542850175028942,107.8106244599355],[11.54287661801353,107.8106247622148],[11.542902610682622,107.81061979342647],[11.542927154152265,107.81060974451687],[11.542949305230184,107.81059500165888],[11.54296821266222,107.81057613141171],[11.543126812720626,107.81038333139075],[11.543141749889356,107.81036105890452],[11.543152142779538,107.81033624012255],[11.543157591997712,107.81030982881776],[11.543157888133189,107.81028283996311],[11.543153019805631,107.81025631072663],[11.543143174102399,107.81023126061335],[11.543128729388844,107.81020865228616],[11.543110240767867,107.81018935457097],[11.54308841874752,107.8101741090682],[11.543064101936478,107.81016350165342],[11.543038224816677,107.81015793996265],[11.543011781831607,107.81015763772716],[11.542985789170372,107.81016260656025],[11.542961245716105,107.81017265551108],[11.542939094659493,107.81018739840303],[11.542920187252555,107.81020626867445],[11.542761587310963,107.8103990686535]]}},"keyData":{"11.54_107.81__11.55_107.82":["trunks-20-0"]},"highways":[{"id":0,"highway_name":"Trần Phú","ways":[{"id":0,"nodes":[[11.5430235,107.8102948],[11.5428649,107.8104876]],"bounds":[[11.5428649,107.8102948],[11.5430235,107.8104876]],"buffer_geometry":[[11.542761587310963,107.8103990686535],[11.542746650139339,107.81042134110753],[11.542736257241927,107.81044615985046],[11.542730808011433,107.81047257111295],[11.542730511858434,107.81049955992631],[11.542735380163906,107.81052608912707],[11.54274522584187,107.81055113921427],[11.54275967052893,107.8105737475282],[11.542778159124527,107.8105930452446],[11.542799981123018,107.8106082907631],[11.542824297917914,107.81061889820644],[11.542850175028942,107.8106244599355],[11.54287661801353,107.8106247622148],[11.542902610682622,107.81061979342647],[11.542927154152265,107.81060974451687],[11.542949305230184,107.81059500165888],[11.54296821266222,107.81057613141171],[11.543126812720626,107.81038333139075],[11.543141749889356,107.81036105890452],[11.543152142779538,107.81033624012255],[11.543157591997712,107.81030982881776],[11.543157888133189,107.81028283996311],[11.543153019805631,107.81025631072663],[11.543143174102399,107.81023126061335],[11.543128729388844,107.81020865228616],[11.543110240767867,107.81018935457097],[11.54308841874752,107.8101741090682],[11.543064101936478,107.81016350165342],[11.543038224816677,107.81015793996265],[11.543011781831607,107.81015763772716],[11.542985789170372,107.81016260656025],[11.542961245716105,107.81017265551108],[11.542939094659493,107.81018739840303],[11.542920187252555,107.81020626867445],[11.542761587310963,107.8103990686535]]}]}]}