{"id":23,"ref":"CT.01;CT.40","hData":{"highways-CT.01;CT.40-0":{"id":"highways-CT.01;CT.40-0","name":"Đường cao tốc Bến Lức - Long Thành","highway_id":0,"way_id":0,"key":"0-0","nodes":[[10.6563037,106.5680435],[10.6569825,106.5666428],[10.6582086,106.5643857]],"bounds":[[10.656169090609563,106.56424891893656],[10.656169090609563,106.56818047158352],[10.658343021315838,106.56818047158352],[10.658343021315838,106.56424891893656]],"maxSpeed":100,"minSpeed":60,"lanes":"2","buffer_geometry":[[10.657141953920943,106.56672758879678],[10.658366016638146,106.56447423950114],[10.658379967121958,106.56444128864172],[10.65838733205989,106.56440620153839],[10.658387828421025,106.56437032657108],[10.658381437130453,106.56433504239703],[10.658368403802305,106.56430170496957],[10.658349229300883,106.564271595429],[10.6583246504926,106.56424587086912],[10.658295611928452,106.56422551987039],[10.658263229545282,106.56421132450942],[10.658228747780765,106.56420383030432],[10.658193491750259,106.564203325251],[10.65815881632328,106.56420982875598],[10.658126054056618,106.56422309089098],[10.658096463984993,106.5642426019978],[10.658071183237194,106.56426761227462],[10.658051183336994,106.56429716059043],[10.656825083970887,106.56655425977998],[10.656821182977271,106.56656185577184],[10.656142383336926,106.56796255521022],[10.65612996378395,106.56799613411977],[10.656124220812691,106.56803153327044],[10.656125375121928,106.56806739229503],[10.65613338235228,106.56810233315373],[10.656147934790903,106.56813501309104],[10.656168473196622,106.56816417623693],[10.656194208291147,106.5681887018688],[10.6562241510904,106.56820764748024],[10.656257150910454,106.56822028500093],[10.656291939587515,106.56822612877626],[10.656327180212605,106.56822495423094],[10.656361518508195,106.56821680649969],[10.656393634872316,106.56820199869311],[10.656422295090222,106.56818109986531],[10.656446397764693,106.56815491314576],[10.656465016642292,106.56812444487555],[10.657141953920943,106.56672758879678]]}},"keyData":{"10.65_106.56__10.66_106.57":["highways-CT.01;CT.40-0"]},"highways":[{"id":0,"highway_name":"Đường cao tốc Bến Lức - Long Thành","ways":[{"id":0,"nodes":[[10.6563037,106.5680435],[10.6569825,106.5666428],[10.6582086,106.5643857]],"bounds":[[10.6563037,106.5643857],[10.6582086,106.5680435]],"maxSpeed":100,"minSpeed":60,"lanes":"2","buffer_geometry":[[10.657141953920943,106.56672758879678],[10.658366016638146,106.56447423950114],[10.658379967121958,106.56444128864172],[10.65838733205989,106.56440620153839],[10.658387828421025,106.56437032657108],[10.658381437130453,106.56433504239703],[10.658368403802305,106.56430170496957],[10.658349229300883,106.564271595429],[10.6583246504926,106.56424587086912],[10.658295611928452,106.56422551987039],[10.658263229545282,106.56421132450942],[10.658228747780765,106.56420383030432],[10.658193491750259,106.564203325251],[10.65815881632328,106.56420982875598],[10.658126054056618,106.56422309089098],[10.658096463984993,106.5642426019978],[10.658071183237194,106.56426761227462],[10.658051183336994,106.56429716059043],[10.656825083970887,106.56655425977998],[10.656821182977271,106.56656185577184],[10.656142383336926,106.56796255521022],[10.65612996378395,106.56799613411977],[10.656124220812691,106.56803153327044],[10.656125375121928,106.56806739229503],[10.65613338235228,106.56810233315373],[10.656147934790903,106.56813501309104],[10.656168473196622,106.56816417623693],[10.656194208291147,106.5681887018688],[10.6562241510904,106.56820764748024],[10.656257150910454,106.56822028500093],[10.656291939587515,106.56822612877626],[10.656327180212605,106.56822495423094],[10.656361518508195,106.56821680649969],[10.656393634872316,106.56820199869311],[10.656422295090222,106.56818109986531],[10.656446397764693,106.56815491314576],[10.656465016642292,106.56812444487555],[10.657141953920943,106.56672758879678]]}]}]}