{"id":23,"ref":"CT.01;CT.40","hData":{"highways-CT.01;CT.40-0":{"id":"highways-CT.01;CT.40-0","name":"Đường cao tốc Bến Lức - Long Thành","highway_id":0,"way_id":0,"key":"0-0","nodes":[[10.6563037,106.5680435],[10.6569825,106.5666428],[10.6582086,106.5643857]],"bounds":[[10.656169090609563,106.56424891893656],[10.656169090609563,106.56818047158352],[10.658343021315838,106.56818047158352],[10.658343021315838,106.56424891893656]],"maxSpeed":100,"minSpeed":60,"lanes":"2","buffer_geometry":[[10.657301407819075,106.56681237768238],[10.658523433251428,106.56456277909383],[10.658551334234115,106.56449687734599],[10.658566064118446,106.56442670310084],[10.6585670568413,106.56435495312402],[10.658554274252761,106.56428438473655],[10.658528207582222,106.56421770985092],[10.658489858560456,106.56415749075258],[10.65844070092317,106.56410604163163],[10.658382623775509,106.56406533964922],[10.658317858994101,106.56403694895626],[10.658248895456605,106.56402196058457],[10.658178383395015,106.56402095052009],[10.658109032548449,106.56403395756948],[10.658043508029362,106.5640604818701],[10.657984327905037,106.564099504101],[10.657933766430155,106.5641495246558],[10.657893766649128,106.56420862127237],[10.656667667916908,106.56646571965148],[10.656659865933756,106.56648091162944],[10.655981066653057,106.56788161050622],[10.655956227560784,106.56794876829359],[10.655944741624925,106.56801956655504],[10.655947050242043,106.56809128456212],[10.655963064693587,106.56816116624164],[10.655992169555248,106.56822652608847],[10.656033246347063,106.56828485236667],[10.656084716515423,106.56833390363319],[10.656144602095337,106.5683717948747],[10.656210601721778,106.5683970699478],[10.656280179069231,106.5684087575384],[10.656350660320772,106.56840640848986],[10.656419336921113,106.56839011306522],[10.656483569664942,106.56836049747986],[10.656540890120379,106.56831869983783],[10.656589095490006,106.56826632639597],[10.656626333263794,106.56820538983689],[10.657301407819075,106.56681237768238]]}},"keyData":{"10.65_106.56__10.66_106.57":["highways-CT.01;CT.40-0"]},"highways":[{"id":0,"highway_name":"Đường cao tốc Bến Lức - Long Thành","ways":[{"id":0,"nodes":[[10.6563037,106.5680435],[10.6569825,106.5666428],[10.6582086,106.5643857]],"bounds":[[10.6563037,106.5643857],[10.6582086,106.5680435]],"maxSpeed":100,"minSpeed":60,"lanes":"2","buffer_geometry":[[10.657301407819075,106.56681237768238],[10.658523433251428,106.56456277909383],[10.658551334234115,106.56449687734599],[10.658566064118446,106.56442670310084],[10.6585670568413,106.56435495312402],[10.658554274252761,106.56428438473655],[10.658528207582222,106.56421770985092],[10.658489858560456,106.56415749075258],[10.65844070092317,106.56410604163163],[10.658382623775509,106.56406533964922],[10.658317858994101,106.56403694895626],[10.658248895456605,106.56402196058457],[10.658178383395015,106.56402095052009],[10.658109032548449,106.56403395756948],[10.658043508029362,106.5640604818701],[10.657984327905037,106.564099504101],[10.657933766430155,106.5641495246558],[10.657893766649128,106.56420862127237],[10.656667667916908,106.56646571965148],[10.656659865933756,106.56648091162944],[10.655981066653057,106.56788161050622],[10.655956227560784,106.56794876829359],[10.655944741624925,106.56801956655504],[10.655947050242043,106.56809128456212],[10.655963064693587,106.56816116624164],[10.655992169555248,106.56822652608847],[10.656033246347063,106.56828485236667],[10.656084716515423,106.56833390363319],[10.656144602095337,106.5683717948747],[10.656210601721778,106.5683970699478],[10.656280179069231,106.5684087575384],[10.656350660320772,106.56840640848986],[10.656419336921113,106.56839011306522],[10.656483569664942,106.56836049747986],[10.656540890120379,106.56831869983783],[10.656589095490006,106.56826632639597],[10.656626333263794,106.56820538983689],[10.657301407819075,106.56681237768238]]}]}]}